2026-10-01T05:42:44.0713390Z Current runner version: '2.337.0'
2026-10-01T05:42:44.0732320Z ##[group]Runner Image Provisioner
2026-10-01T05:42:44.0733040Z Hosted Compute Agent
2026-10-01T05:42:44.0733430Z Version: 20260828.587
2026-10-01T05:42:44.0733870Z Commit: abac92662cab4cc7352de4f9f9d2e2419aad9c29
2026-10-01T05:42:44.0734460Z Build Date: 2026-08-28T16:44:25Z
2026-10-01T05:42:44.0734920Z Worker ID: {1a7ceeca-ed35-497e-aa3e-334ccc0af958}
2026-10-01T05:42:44.0735410Z Azure Region: westus
2026-10-01T05:42:44.0736250Z ##[endgroup]
2026-10-01T05:42:44.0737180Z ##[group]Operating System
2026-10-01T05:42:44.0737670Z macOS
2026-10-01T05:42:44.0738020Z 26.6.2
2026-10-01T05:42:44.0738560Z 25G83
2026-10-01T05:42:44.0738970Z ##[endgroup]
2026-10-01T05:42:44.0739410Z ##[group]Runner Image
2026-10-01T05:42:44.0739840Z Image: macos-26-arm64
2026-10-01T05:42:44.0740240Z Version: 20260907.0351.1
2026-10-01T05:42:44.0741330Z Included Software: https://github.com/actions/runner-images/blob/macos-26-arm64/20260907.0351/images/macos/macos-26-arm64-Readme.md
2026-10-01T05:42:44.0742820Z Image Release: https://github.com/actions/runner-images/releases/tag/macos-26-arm64%2F20260907.0351
2026-10-01T05:42:44.0743680Z ##[endgroup]
2026-10-01T05:42:44.0744560Z ##[group]GITHUB_TOKEN Permissions
2026-10-01T05:42:44.0746040Z Contents: write
2026-10-01T05:42:44.0746460Z Metadata: read
2026-10-01T05:42:44.0746830Z ##[endgroup]
2026-10-01T05:42:44.0748920Z Secret source: Actions
2026-10-01T05:42:44.0749970Z Cache mode: write
2026-10-01T05:42:44.0750450Z Prepare workflow directory
2026-10-01T05:42:44.1021040Z Prepare all required actions
2026-10-01T05:42:44.1059960Z Getting action download info
2026-10-01T05:42:44.5256810Z Download action repository 'actions/checkout@v4' (SHA:11d5960a326750d5838078e36cf38b85af677262)
2026-10-01T05:42:44.7851770Z Download action repository 'actions/upload-artifact@v4' (SHA:ea165f8d65b6e75b540449e92b4886f43607fa02)
2026-10-01T05:42:44.9853660Z Complete job name: build
2026-10-01T05:42:45.0449610Z ##[group]Run actions/checkout@v4
2026-10-01T05:42:45.0450340Z with:
2026-10-01T05:42:45.0450690Z   repository: eazy-gyz/dspet-ios
2026-10-01T05:42:45.0453520Z   token: ***
2026-10-01T05:42:45.0453830Z   ssh-strict: true
2026-10-01T05:42:45.0454160Z   ssh-user: git
2026-10-01T05:42:45.0454490Z   persist-credentials: true
2026-10-01T05:42:45.0454850Z   clean: true
2026-10-01T05:42:45.0455180Z   sparse-checkout-cone-mode: true
2026-10-01T05:42:45.0455560Z   fetch-depth: 1
2026-10-01T05:42:45.0455880Z   fetch-tags: false
2026-10-01T05:42:45.0456210Z   show-progress: true
2026-10-01T05:42:45.0456540Z   lfs: false
2026-10-01T05:42:45.0456850Z   submodules: false
2026-10-01T05:42:45.0457190Z   set-safe-directory: true
2026-10-01T05:42:45.0457560Z   allow-unsafe-pr-checkout: false
2026-10-01T05:42:45.0458160Z ##[endgroup]
2026-10-01T05:42:45.3805190Z Syncing repository: eazy-gyz/dspet-ios
2026-10-01T05:42:45.3806780Z ##[group]Getting Git version info
2026-10-01T05:42:45.3807530Z Working directory is '/Users/runner/work/dspet-ios/dspet-ios'
2026-10-01T05:42:45.3808600Z [command]/opt/homebrew/bin/git version
2026-10-01T05:42:45.4322640Z git version 2.55.0
2026-10-01T05:42:45.4333130Z ##[endgroup]
2026-10-01T05:42:45.4340690Z Copying '/Users/runner/.gitconfig' to '/Users/runner/work/_temp/c07fadd9-4be6-45ed-b3fb-0b90dbfa4598/.gitconfig'
2026-10-01T05:42:45.4350270Z Temporarily overriding HOME='/Users/runner/work/_temp/c07fadd9-4be6-45ed-b3fb-0b90dbfa4598' before making global git config changes
2026-10-01T05:42:45.4351460Z Adding repository directory to the temporary git global config as a safe directory
2026-10-01T05:42:45.4354110Z [command]/opt/homebrew/bin/git config --global --add safe.directory /Users/runner/work/dspet-ios/dspet-ios
2026-10-01T05:42:45.4475140Z Deleting the contents of '/Users/runner/work/dspet-ios/dspet-ios'
2026-10-01T05:42:45.4477420Z ##[group]Initializing the repository
2026-10-01T05:42:45.4481780Z [command]/opt/homebrew/bin/git init /Users/runner/work/dspet-ios/dspet-ios
2026-10-01T05:42:45.4719090Z hint: Using 'master' as the name for the initial branch. This default branch name
2026-10-01T05:42:45.4721680Z hint: will change to "main" in Git 3.0. To configure the initial branch name
2026-10-01T05:42:45.4722480Z hint: to use in all of your new repositories, which will suppress this warning,
2026-10-01T05:42:45.4723480Z hint: call:
2026-10-01T05:42:45.4723780Z hint:
2026-10-01T05:42:45.4724170Z hint: 	git config --global init.defaultBranch <name>
2026-10-01T05:42:45.4724700Z hint:
2026-10-01T05:42:45.4725170Z hint: Names commonly chosen instead of 'master' are 'main', 'trunk' and
2026-10-01T05:42:45.4725920Z hint: 'development'. The just-created branch can be renamed via this command:
2026-10-01T05:42:45.4726560Z hint:
2026-10-01T05:42:45.4726900Z hint: 	git branch -m <name>
2026-10-01T05:42:45.4727350Z hint:
2026-10-01T05:42:45.4727800Z hint: Disable this message with "git config set advice.defaultBranchName false"
2026-10-01T05:42:45.4728550Z Initialized empty Git repository in /Users/runner/work/dspet-ios/dspet-ios/.git/
2026-10-01T05:42:45.4730070Z [command]/opt/homebrew/bin/git remote add origin https://github.com/eazy-gyz/dspet-ios
2026-10-01T05:42:45.4813270Z ##[endgroup]
2026-10-01T05:42:45.4813960Z ##[group]Disabling automatic garbage collection
2026-10-01T05:42:45.4814580Z [command]/opt/homebrew/bin/git config --local gc.auto 0
2026-10-01T05:42:45.4885620Z ##[endgroup]
2026-10-01T05:42:45.4886440Z ##[group]Setting up auth
2026-10-01T05:42:45.4894180Z [command]/opt/homebrew/bin/git config --local --name-only --get-regexp core\.sshCommand
2026-10-01T05:42:45.4963180Z [command]/opt/homebrew/bin/git submodule foreach --recursive sh -c "git config --local --name-only --get-regexp 'core\.sshCommand' && git config --local --unset-all 'core.sshCommand' || :"
2026-10-01T05:42:45.5885060Z [command]/opt/homebrew/bin/git config --local --name-only --get-regexp http\.https\:\/\/github\.com\/\.extraheader
2026-10-01T05:42:45.5960240Z [command]/opt/homebrew/bin/git submodule foreach --recursive sh -c "git config --local --name-only --get-regexp 'http\.https\:\/\/github\.com\/\.extraheader' && git config --local --unset-all 'http.https://github.com/.extraheader' || :"
2026-10-01T05:42:45.7430530Z [command]/opt/homebrew/bin/git config --local --name-only --get-regexp ^includeIf\.gitdir:
2026-10-01T05:42:45.7738460Z [command]/opt/homebrew/bin/git submodule foreach --recursive git config --local --show-origin --name-only --get-regexp remote.origin.url
2026-10-01T05:42:45.8411720Z [command]/opt/homebrew/bin/git config --local http.https://github.com/.extraheader AUTHORIZATION: basic ***
2026-10-01T05:42:45.8484950Z ##[endgroup]
2026-10-01T05:42:45.8485690Z ##[group]Fetching the repository
2026-10-01T05:42:45.8493470Z [command]/opt/homebrew/bin/git -c protocol.version=2 fetch --no-tags --prune --no-recurse-submodules --depth=1 origin +a8d85fa5a155a5e7cd8f8961257ca7325b501399:refs/remotes/origin/main
2026-10-01T05:42:46.4977040Z From https://github.com/eazy-gyz/dspet-ios
2026-10-01T05:42:46.4978050Z  * [new ref]         a8d85fa5a155a5e7cd8f8961257ca7325b501399 -> origin/main
2026-10-01T05:42:46.4979740Z ##[endgroup]
2026-10-01T05:42:46.4980440Z ##[group]Determining the checkout info
2026-10-01T05:42:46.4981110Z ##[endgroup]
2026-10-01T05:42:46.4984690Z [command]/opt/homebrew/bin/git sparse-checkout disable
2026-10-01T05:42:46.5056360Z [command]/opt/homebrew/bin/git config --local --unset-all extensions.worktreeConfig
2026-10-01T05:42:46.5129560Z ##[group]Checking out the ref
2026-10-01T05:42:46.5130370Z [command]/opt/homebrew/bin/git checkout --progress --force -B main refs/remotes/origin/main
2026-10-01T05:42:46.5591410Z Switched to a new branch 'main'
2026-10-01T05:42:46.5594890Z branch 'main' set up to track 'origin/main'.
2026-10-01T05:42:46.5601390Z ##[endgroup]
2026-10-01T05:42:46.5678650Z [command]/opt/homebrew/bin/git log -1 --format=%H
2026-10-01T05:42:46.5747830Z a8d85fa5a155a5e7cd8f8961257ca7325b501399
2026-10-01T05:42:46.5907490Z ##[group]Run sw_vers
2026-10-01T05:42:46.5908050Z [36;1msw_vers[0m
2026-10-01T05:42:46.5908490Z [36;1mxcodebuild -version[0m
2026-10-01T05:42:46.5949480Z shell: /bin/bash -e {0}
2026-10-01T05:42:46.5949970Z ##[endgroup]
2026-10-01T05:42:46.6246510Z ProductName:		macOS
2026-10-01T05:42:46.6248900Z ProductVersion:		26.6.2
2026-10-01T05:42:46.6249640Z BuildVersion:		25G83
2026-10-01T05:42:46.7688780Z Xcode 26.6
2026-10-01T05:42:46.7699830Z Build version 17F113
2026-10-01T05:42:46.7749650Z ##[group]Run curl -L --retry 5 --retry-delay 3 -o "$RUNNER_TEMP/mov.zip" \
2026-10-01T05:42:46.7750450Z [36;1mcurl -L --retry 5 --retry-delay 3 -o "$RUNNER_TEMP/mov.zip" \[0m
2026-10-01T05:42:46.7751320Z [36;1m  https://github.com/PC2005-cloud/dsh-pet/releases/download/assets-mov/dsh-pet-mov-assets-mov.zip[0m
2026-10-01T05:42:46.7752100Z [36;1mls -lh "$RUNNER_TEMP/mov.zip"[0m
2026-10-01T05:42:46.7800290Z shell: /bin/bash -e {0}
2026-10-01T05:42:46.7800810Z ##[endgroup]
2026-10-01T05:42:46.8106700Z   % Total    % Received % Xferd  Average Speed   Time    Time     Time  Current
2026-10-01T05:42:46.8107920Z                                  Dload  Upload   Total   Spent    Left  Speed
2026-10-01T05:42:46.8109840Z 
2026-10-01T05:42:47.0348350Z   0     0    0     0    0     0      0      0 --:--:-- --:--:-- --:--:--     0
2026-10-01T05:42:47.0448990Z   0     0    0     0    0     0      0      0 --:--:-- --:--:-- --:--:--     0
2026-10-01T05:42:47.7585350Z 
2026-10-01T05:42:48.7540510Z  32 78.7M   32 25.3M    0     0  27.1M      0  0:00:02 --:--:--  0:00:02 27.1M
2026-10-01T05:42:49.2633750Z  79 78.7M   79 62.4M    0     0  32.1M      0  0:00:02  0:00:01  0:00:01 36.9M
2026-10-01T05:42:49.2690910Z 100 78.7M  100 78.7M    0     0  32.1M      0  0:00:02  0:00:02 --:--:-- 35.2M
2026-10-01T05:42:49.2764110Z -rw-r--r--  1 runner  staff    79M Oct  1 05:42 /Users/runner/work/_temp/mov.zip
2026-10-01T05:42:49.2810070Z ##[group]Run python3 tools/prepare_assets.py "$RUNNER_TEMP/mov.zip"
2026-10-01T05:42:49.2810830Z [36;1mpython3 tools/prepare_assets.py "$RUNNER_TEMP/mov.zip"[0m
2026-10-01T05:42:49.2849510Z shell: /bin/bash -e {0}
2026-10-01T05:42:49.2849780Z ##[endgroup]
2026-10-01T05:42:49.7080620Z NAME_MAP: 106 条
2026-10-01T05:42:49.7214430Z 已生成 106 个 .mov -> /Users/runner/work/dspet-ios/dspet-ios/app/Resources/web/assets
2026-10-01T05:42:49.7317260Z [OK] 全部齐了，合计 79.1 MB
2026-10-01T05:42:49.7473180Z ##[group]Run brew install xcodegen
2026-10-01T05:42:49.7473910Z [36;1mbrew install xcodegen[0m
2026-10-01T05:42:49.7536510Z shell: /bin/bash -e {0}
2026-10-01T05:42:49.7536830Z ##[endgroup]
2026-10-01T05:42:52.7359700Z [32m==>[0m [1mDownloading bottle manifests[0m
2026-10-01T05:42:52.7560230Z ✔︎ Bottle Manifest xcodegen (2.46.0)
2026-10-01T05:42:52.7560970Z [34m==>[0m [1mWould install 1 formula:[0m
2026-10-01T05:42:52.7661080Z [32m==>[0m [1mFetching downloads for: [32mxcodegen[39m[0m
2026-10-01T05:42:52.7661600Z xcodegen
2026-10-01T05:42:53.0478660Z ✔︎ Bottle xcodegen (2.46.0)
2026-10-01T05:42:53.0934840Z [34m==>[0m [1mPouring xcodegen--2.46.0.arm64_tahoe.bottle.1.tar.gz[0m
2026-10-01T05:42:53.2579730Z 🍺  /opt/homebrew/Cellar/xcodegen/2.46.0: 38 files, 7.4MB
2026-10-01T05:42:53.2723860Z ##[group]Run xcodegen generate
2026-10-01T05:42:53.2724130Z [36;1mxcodegen generate[0m
2026-10-01T05:42:53.2756650Z shell: /bin/bash -e {0}
2026-10-01T05:42:53.2756860Z ##[endgroup]
2026-10-01T05:42:53.3191240Z ⚙️  Generating plists...
2026-10-01T05:42:53.3192170Z ⚙️  Generating project...
2026-10-01T05:42:53.3265060Z ⚙️  Writing project...
2026-10-01T05:42:53.3337970Z Created project at /Users/runner/work/dspet-ios/dspet-ios/app/DSPet.xcodeproj
2026-10-01T05:42:53.3378040Z ##[group]Run xcodebuild \
2026-10-01T05:42:53.3378360Z [36;1mxcodebuild \[0m
2026-10-01T05:42:53.3378620Z [36;1m  -project DSPet.xcodeproj \[0m
2026-10-01T05:42:53.3378890Z [36;1m  -scheme DSPet \[0m
2026-10-01T05:42:53.3379110Z [36;1m  -configuration Release \[0m
2026-10-01T05:42:53.3379340Z [36;1m  -sdk iphoneos \[0m
2026-10-01T05:42:53.3379610Z [36;1m  -derivedDataPath build \[0m
2026-10-01T05:42:53.3379890Z [36;1m  CODE_SIGN_IDENTITY="" \[0m
2026-10-01T05:42:53.3380120Z [36;1m  CODE_SIGNING_REQUIRED=NO \[0m
2026-10-01T05:42:53.3383240Z [36;1m  CODE_SIGNING_ALLOWED=NO \[0m
2026-10-01T05:42:53.3383450Z [36;1m  build[0m
2026-10-01T05:42:53.3433440Z shell: /bin/bash -e {0}
2026-10-01T05:42:53.3433700Z ##[endgroup]
2026-10-01T05:42:55.6537380Z Command line invocation:
2026-10-01T05:42:55.6648520Z     /Applications/Xcode_26.6.app/Contents/Developer/usr/bin/xcodebuild -project DSPet.xcodeproj -scheme DSPet -configuration Release -sdk iphoneos -derivedDataPath build CODE_SIGN_IDENTITY= CODE_SIGNING_REQUIRED=NO CODE_SIGNING_ALLOWED=NO build
2026-10-01T05:42:55.6760450Z 
2026-10-01T05:42:55.6779560Z Build settings from command line:
2026-10-01T05:42:55.6888870Z     CODE_SIGN_IDENTITY = 
2026-10-01T05:42:55.6992320Z     CODE_SIGNING_ALLOWED = NO
2026-10-01T05:42:55.7093860Z     CODE_SIGNING_REQUIRED = NO
2026-10-01T05:42:55.7195110Z     SDKROOT = iphoneos26.5
2026-10-01T05:42:55.7331850Z 
2026-10-01T05:43:01.4404760Z 2026-10-01 05:43:01.439 xcodebuild[8092:26959] [MT] IDERunDestination: Supported platforms for the buildables in the current scheme is empty.
2026-10-01T05:43:01.4573560Z --- xcodebuild: WARNING: Using the first of multiple matching destinations:
2026-10-01T05:43:01.4615510Z { platform:iOS, id:dvtdevice-DVTiPhonePlaceholder-iphoneos:placeholder, name:Any iOS Device }
2026-10-01T05:43:01.4616570Z { platform:macOS, arch:arm64, variant:Designed for [iPad,iPhone], id:f617e4ed0d5a8a38a43822318fe5de55647a3bac, name:My Mac }
2026-10-01T05:43:01.4620360Z { platform:iOS Simulator, id:dvtdevice-DVTiOSDeviceSimulatorPlaceholder-iphonesimulator:placeholder, name:Any iOS Simulator Device }
2026-10-01T05:43:01.4812200Z note: Using codesigning identity override: 
2026-10-01T05:43:02.4588310Z ComputePackagePrebuildTargetDependencyGraph
2026-10-01T05:43:02.5216110Z 
2026-10-01T05:43:02.5251750Z Prepare packages
2026-10-01T05:43:02.5252520Z 
2026-10-01T05:43:02.5285370Z CreateBuildRequest
2026-10-01T05:43:02.5286200Z 
2026-10-01T05:43:02.5286630Z SendProjectDescription
2026-10-01T05:43:02.5334500Z 
2026-10-01T05:43:02.5334980Z CreateBuildOperation
2026-10-01T05:43:02.5386510Z 
2026-10-01T05:43:02.5414120Z ComputeTargetDependencyGraph
2026-10-01T05:43:02.5523270Z note: Building targets in dependency order
2026-10-01T05:43:02.5524720Z note: Target dependency graph (1 target)
2026-10-01T05:43:02.5527440Z     Target 'DSPet' in project 'DSPet' (no dependencies)
2026-10-01T05:43:02.5528210Z 
2026-10-01T05:43:02.5528330Z GatherProvisioningInputs
2026-10-01T05:43:02.5528580Z 
2026-10-01T05:43:02.5573310Z CreateBuildDescription
2026-10-01T05:43:02.5783330Z 
2026-10-01T05:43:02.5784700Z ExecuteExternalTool /Applications/Xcode_26.6.app/Contents/Developer/usr/bin/actool --print-asset-tag-combinations --output-format xml1 /Users/runner/work/dspet-ios/dspet-ios/app/Resources/Assets.xcassets
2026-10-01T05:43:06.1964020Z 
2026-10-01T05:43:06.2014600Z ExecuteExternalTool /Applications/Xcode_26.6.app/Contents/Developer/Toolchains/XcodeDefault.xctoolchain/usr/bin/clang -v -E -dM -isysroot /Applications/Xcode_26.6.app/Contents/Developer/Platforms/iPhoneOS.platform/Developer/SDKs/iPhoneOS26.5.sdk -x c -c /dev/null
2026-10-01T05:43:06.2015850Z 
2026-10-01T05:43:06.2016380Z ExecuteExternalTool /Applications/Xcode_26.6.app/Contents/Developer/usr/bin/actool --version --output-format xml1
2026-10-01T05:43:06.2017440Z 
2026-10-01T05:43:06.2034080Z ExecuteExternalTool /Applications/Xcode_26.6.app/Contents/Developer/Toolchains/XcodeDefault.xctoolchain/usr/bin/swiftc --version
2026-10-01T05:43:07.3118370Z 
2026-10-01T05:43:07.3518510Z ExecuteExternalTool /Applications/Xcode_26.6.app/Contents/Developer/Toolchains/XcodeDefault.xctoolchain/usr/bin/ld -version_details
2026-10-01T05:43:07.6069960Z 
2026-10-01T05:43:07.6280260Z Build description signature: d45b8050362eaefdc42260524b7d83ee
2026-10-01T05:43:07.6322170Z Build description path: /Users/runner/work/dspet-ios/dspet-ios/app/build/Build/Intermediates.noindex/XCBuildData/d45b8050362eaefdc42260524b7d83ee.xcbuilddata
2026-10-01T05:43:07.7394460Z ClangStatCache /Applications/Xcode_26.6.app/Contents/Developer/Toolchains/XcodeDefault.xctoolchain/usr/bin/clang-stat-cache /Applications/Xcode_26.6.app/Contents/Developer/Platforms/iPhoneOS.platform/Developer/SDKs/iPhoneOS26.5.sdk /Users/runner/work/dspet-ios/dspet-ios/app/build/SDKStatCaches.noindex/iphoneos26.5-23F81a-688ef53f1462e2c8f657fdc38a81448fee66e23052a0157c865c76b268046726.sdkstatcache
2026-10-01T05:43:07.7462400Z     cd /Users/runner/work/dspet-ios/dspet-ios/app/DSPet.xcodeproj
2026-10-01T05:43:07.7466880Z     /Applications/Xcode_26.6.app/Contents/Developer/Toolchains/XcodeDefault.xctoolchain/usr/bin/clang-stat-cache /Applications/Xcode_26.6.app/Contents/Developer/Platforms/iPhoneOS.platform/Developer/SDKs/iPhoneOS26.5.sdk -o /Users/runner/work/dspet-ios/dspet-ios/app/build/SDKStatCaches.noindex/iphoneos26.5-23F81a-688ef53f1462e2c8f657fdc38a81448fee66e23052a0157c865c76b268046726.sdkstatcache
2026-10-01T05:43:10.4096720Z 
2026-10-01T05:43:10.4097730Z CreateBuildDirectory /Users/runner/work/dspet-ios/dspet-ios/app/build/Build/Products
2026-10-01T05:43:10.4099800Z     cd /Users/runner/work/dspet-ios/dspet-ios/app/DSPet.xcodeproj
2026-10-01T05:43:10.4100390Z     builtin-create-build-directory /Users/runner/work/dspet-ios/dspet-ios/app/build/Build/Products
2026-10-01T05:43:10.4100760Z 
2026-10-01T05:43:10.4101000Z CreateBuildDirectory /Users/runner/work/dspet-ios/dspet-ios/app/build/Build/Intermediates.noindex
2026-10-01T05:43:10.4101560Z     cd /Users/runner/work/dspet-ios/dspet-ios/app/DSPet.xcodeproj
2026-10-01T05:43:10.4102110Z     builtin-create-build-directory /Users/runner/work/dspet-ios/dspet-ios/app/build/Build/Intermediates.noindex
2026-10-01T05:43:10.4102510Z 
2026-10-01T05:43:10.4103180Z WriteAuxiliaryFile /Users/runner/work/dspet-ios/dspet-ios/app/build/Build/Intermediates.noindex/DSPet.build/Release-iphoneos/DSPet-3d887ac7454b289a43abee1605c8011f-VFS-iphoneos/all-product-headers.yaml
2026-10-01T05:43:10.4104340Z     cd /Users/runner/work/dspet-ios/dspet-ios/app/DSPet.xcodeproj
2026-10-01T05:43:10.4105150Z     write-file /Users/runner/work/dspet-ios/dspet-ios/app/build/Build/Intermediates.noindex/DSPet.build/Release-iphoneos/DSPet-3d887ac7454b289a43abee1605c8011f-VFS-iphoneos/all-product-headers.yaml
2026-10-01T05:43:10.4105830Z 
2026-10-01T05:43:10.4106130Z CreateBuildDirectory /Users/runner/work/dspet-ios/dspet-ios/app/build/Build/Products/Release-iphoneos
2026-10-01T05:43:10.4106640Z     cd /Users/runner/work/dspet-ios/dspet-ios/app/DSPet.xcodeproj
2026-10-01T05:43:10.4107270Z     builtin-create-build-directory /Users/runner/work/dspet-ios/dspet-ios/app/build/Build/Products/Release-iphoneos
2026-10-01T05:43:10.4107700Z 
2026-10-01T05:43:10.4108090Z CreateBuildDirectory /Users/runner/work/dspet-ios/dspet-ios/app/build/Build/Intermediates.noindex/SwiftExplicitPrecompiledModules
2026-10-01T05:43:10.4108700Z     cd /Users/runner/work/dspet-ios/dspet-ios/app/DSPet.xcodeproj
2026-10-01T05:43:10.4109420Z     builtin-create-build-directory /Users/runner/work/dspet-ios/dspet-ios/app/build/Build/Intermediates.noindex/SwiftExplicitPrecompiledModules
2026-10-01T05:43:10.4109940Z 
2026-10-01T05:43:10.4110270Z CreateBuildDirectory /Users/runner/work/dspet-ios/dspet-ios/app/build/Build/Intermediates.noindex/ExplicitPrecompiledModules
2026-10-01T05:43:10.4110910Z     cd /Users/runner/work/dspet-ios/dspet-ios/app/DSPet.xcodeproj
2026-10-01T05:43:10.4111510Z     builtin-create-build-directory /Users/runner/work/dspet-ios/dspet-ios/app/build/Build/Intermediates.noindex/ExplicitPrecompiledModules
2026-10-01T05:43:10.4112090Z 
2026-10-01T05:43:10.4113120Z CreateBuildDirectory /Users/runner/work/dspet-ios/dspet-ios/app/build/Build/Intermediates.noindex/EagerLinkingTBDs/Release-iphoneos
2026-10-01T05:43:10.4114070Z     cd /Users/runner/work/dspet-ios/dspet-ios/app/DSPet.xcodeproj
2026-10-01T05:43:10.4114850Z     builtin-create-build-directory /Users/runner/work/dspet-ios/dspet-ios/app/build/Build/Intermediates.noindex/EagerLinkingTBDs/Release-iphoneos
2026-10-01T05:43:10.4115360Z 
2026-10-01T05:43:10.4116040Z WriteAuxiliaryFile /Users/runner/work/dspet-ios/dspet-ios/app/build/Build/Intermediates.noindex/DSPet.build/Release-iphoneos/DSPet.build/Objects-normal/arm64/DSPet_const_extract_protocols.json (in target 'DSPet' from project 'DSPet')
2026-10-01T05:43:10.4117570Z     cd /Users/runner/work/dspet-ios/dspet-ios/app
2026-10-01T05:43:10.4118580Z     write-file /Users/runner/work/dspet-ios/dspet-ios/app/build/Build/Intermediates.noindex/DSPet.build/Release-iphoneos/DSPet.build/Objects-normal/arm64/DSPet_const_extract_protocols.json
2026-10-01T05:43:10.4119230Z 
2026-10-01T05:43:10.4119900Z WriteAuxiliaryFile /Users/runner/work/dspet-ios/dspet-ios/app/build/Build/Intermediates.noindex/DSPet.build/Release-iphoneos/DSPet.build/Objects-normal/arm64/DSPet.SwiftFileList (in target 'DSPet' from project 'DSPet')
2026-10-01T05:43:10.4120740Z     cd /Users/runner/work/dspet-ios/dspet-ios/app
2026-10-01T05:43:10.4121530Z     write-file /Users/runner/work/dspet-ios/dspet-ios/app/build/Build/Intermediates.noindex/DSPet.build/Release-iphoneos/DSPet.build/Objects-normal/arm64/DSPet.SwiftFileList
2026-10-01T05:43:10.4122380Z 
2026-10-01T05:43:10.4122990Z WriteAuxiliaryFile /Users/runner/work/dspet-ios/dspet-ios/app/build/Build/Intermediates.noindex/DSPet.build/Release-iphoneos/DSPet.build/Objects-normal/arm64/DSPet.SwiftConstValuesFileList (in target 'DSPet' from project 'DSPet')
2026-10-01T05:43:10.4123890Z     cd /Users/runner/work/dspet-ios/dspet-ios/app
2026-10-01T05:43:10.4124660Z     write-file /Users/runner/work/dspet-ios/dspet-ios/app/build/Build/Intermediates.noindex/DSPet.build/Release-iphoneos/DSPet.build/Objects-normal/arm64/DSPet.SwiftConstValuesFileList
2026-10-01T05:43:10.4125210Z 
2026-10-01T05:43:10.4126010Z WriteAuxiliaryFile /Users/runner/work/dspet-ios/dspet-ios/app/build/Build/Intermediates.noindex/DSPet.build/Release-iphoneos/DSPet.build/Objects-normal/arm64/DSPet.LinkFileList (in target 'DSPet' from project 'DSPet')
2026-10-01T05:43:10.4126970Z     cd /Users/runner/work/dspet-ios/dspet-ios/app
2026-10-01T05:43:10.4127890Z     write-file /Users/runner/work/dspet-ios/dspet-ios/app/build/Build/Intermediates.noindex/DSPet.build/Release-iphoneos/DSPet.build/Objects-normal/arm64/DSPet.LinkFileList
2026-10-01T05:43:10.4128640Z 
2026-10-01T05:43:10.4129350Z WriteAuxiliaryFile /Users/runner/work/dspet-ios/dspet-ios/app/build/Build/Intermediates.noindex/DSPet.build/Release-iphoneos/DSPet.build/Objects-normal/arm64/DSPet-OutputFileMap.json (in target 'DSPet' from project 'DSPet')
2026-10-01T05:43:10.4130300Z     cd /Users/runner/work/dspet-ios/dspet-ios/app
2026-10-01T05:43:10.4131040Z     write-file /Users/runner/work/dspet-ios/dspet-ios/app/build/Build/Intermediates.noindex/DSPet.build/Release-iphoneos/DSPet.build/Objects-normal/arm64/DSPet-OutputFileMap.json
2026-10-01T05:43:10.4132080Z 
2026-10-01T05:43:10.4132720Z WriteAuxiliaryFile /Users/runner/work/dspet-ios/dspet-ios/app/build/Build/Intermediates.noindex/DSPet.build/Release-iphoneos/DSPet.build/DSPet.hmap (in target 'DSPet' from project 'DSPet')
2026-10-01T05:43:10.4133520Z     cd /Users/runner/work/dspet-ios/dspet-ios/app
2026-10-01T05:43:10.4134450Z     write-file /Users/runner/work/dspet-ios/dspet-ios/app/build/Build/Intermediates.noindex/DSPet.build/Release-iphoneos/DSPet.build/DSPet.hmap
2026-10-01T05:43:10.4134960Z 
2026-10-01T05:43:10.4135620Z WriteAuxiliaryFile /Users/runner/work/dspet-ios/dspet-ios/app/build/Build/Intermediates.noindex/DSPet.build/Release-iphoneos/DSPet.build/DSPet.DependencyStaticMetadataFileList (in target 'DSPet' from project 'DSPet')
2026-10-01T05:43:10.4136770Z     cd /Users/runner/work/dspet-ios/dspet-ios/app
2026-10-01T05:43:10.4137600Z     write-file /Users/runner/work/dspet-ios/dspet-ios/app/build/Build/Intermediates.noindex/DSPet.build/Release-iphoneos/DSPet.build/DSPet.DependencyStaticMetadataFileList
2026-10-01T05:43:10.4138190Z 
2026-10-01T05:43:10.4138890Z WriteAuxiliaryFile /Users/runner/work/dspet-ios/dspet-ios/app/build/Build/Intermediates.noindex/DSPet.build/Release-iphoneos/DSPet.build/DSPet.DependencyMetadataFileList (in target 'DSPet' from project 'DSPet')
2026-10-01T05:43:10.4140290Z     cd /Users/runner/work/dspet-ios/dspet-ios/app
2026-10-01T05:43:10.4141050Z     write-file /Users/runner/work/dspet-ios/dspet-ios/app/build/Build/Intermediates.noindex/DSPet.build/Release-iphoneos/DSPet.build/DSPet.DependencyMetadataFileList
2026-10-01T05:43:10.4141550Z 
2026-10-01T05:43:10.4142660Z WriteAuxiliaryFile /Users/runner/work/dspet-ios/dspet-ios/app/build/Build/Intermediates.noindex/DSPet.build/Release-iphoneos/DSPet.build/DSPet-project-headers.hmap (in target 'DSPet' from project 'DSPet')
2026-10-01T05:43:10.4144000Z     cd /Users/runner/work/dspet-ios/dspet-ios/app
2026-10-01T05:43:10.4144610Z     write-file /Users/runner/work/dspet-ios/dspet-ios/app/build/Build/Intermediates.noindex/DSPet.build/Release-iphoneos/DSPet.build/DSPet-project-headers.hmap
2026-10-01T05:43:10.4145300Z 
2026-10-01T05:43:10.4145860Z WriteAuxiliaryFile /Users/runner/work/dspet-ios/dspet-ios/app/build/Build/Intermediates.noindex/DSPet.build/Release-iphoneos/DSPet.build/DSPet-own-target-headers.hmap (in target 'DSPet' from project 'DSPet')
2026-10-01T05:43:10.4146620Z     cd /Users/runner/work/dspet-ios/dspet-ios/app
2026-10-01T05:43:10.4147220Z     write-file /Users/runner/work/dspet-ios/dspet-ios/app/build/Build/Intermediates.noindex/DSPet.build/Release-iphoneos/DSPet.build/DSPet-own-target-headers.hmap
2026-10-01T05:43:10.4147720Z 
2026-10-01T05:43:10.4226640Z WriteAuxiliaryFile /Users/runner/work/dspet-ios/dspet-ios/app/build/Build/Intermediates.noindex/DSPet.build/Release-iphoneos/DSPet.build/DSPet-generated-files.hmap (in target 'DSPet' from project 'DSPet')
2026-10-01T05:43:10.4227600Z     cd /Users/runner/work/dspet-ios/dspet-ios/app
2026-10-01T05:43:10.4228320Z     write-file /Users/runner/work/dspet-ios/dspet-ios/app/build/Build/Intermediates.noindex/DSPet.build/Release-iphoneos/DSPet.build/DSPet-generated-files.hmap
2026-10-01T05:43:10.4230100Z 
2026-10-01T05:43:10.4231140Z WriteAuxiliaryFile /Users/runner/work/dspet-ios/dspet-ios/app/build/Build/Intermediates.noindex/DSPet.build/Release-iphoneos/DSPet.build/DSPet-all-target-headers.hmap (in target 'DSPet' from project 'DSPet')
2026-10-01T05:43:10.4231890Z     cd /Users/runner/work/dspet-ios/dspet-ios/app
2026-10-01T05:43:10.4232600Z     write-file /Users/runner/work/dspet-ios/dspet-ios/app/build/Build/Intermediates.noindex/DSPet.build/Release-iphoneos/DSPet.build/DSPet-all-target-headers.hmap
2026-10-01T05:43:10.4237880Z 
2026-10-01T05:43:10.4238520Z WriteAuxiliaryFile /Users/runner/work/dspet-ios/dspet-ios/app/build/Build/Intermediates.noindex/DSPet.build/Release-iphoneos/DSPet.build/DSPet-all-non-framework-target-headers.hmap (in target 'DSPet' from project 'DSPet')
2026-10-01T05:43:10.4239300Z     cd /Users/runner/work/dspet-ios/dspet-ios/app
2026-10-01T05:43:10.4239930Z     write-file /Users/runner/work/dspet-ios/dspet-ios/app/build/Build/Intermediates.noindex/DSPet.build/Release-iphoneos/DSPet.build/DSPet-all-non-framework-target-headers.hmap
2026-10-01T05:43:10.4240460Z 
2026-10-01T05:43:10.4240800Z MkDir /Users/runner/work/dspet-ios/dspet-ios/app/build/Build/Products/Release-iphoneos/DSPet.app (in target 'DSPet' from project 'DSPet')
2026-10-01T05:43:10.4241460Z     cd /Users/runner/work/dspet-ios/dspet-ios/app
2026-10-01T05:43:10.4241880Z     /bin/mkdir -p /Users/runner/work/dspet-ios/dspet-ios/app/build/Build/Products/Release-iphoneos/DSPet.app
2026-10-01T05:43:10.4242220Z 
2026-10-01T05:43:10.4243130Z MkDir /Users/runner/work/dspet-ios/dspet-ios/app/build/Build/Intermediates.noindex/DSPet.build/Release-iphoneos/DSPet.build/assetcatalog_output/unthinned (in target 'DSPet' from project 'DSPet')
2026-10-01T05:43:10.4243910Z     cd /Users/runner/work/dspet-ios/dspet-ios/app
2026-10-01T05:43:10.4244690Z     /bin/mkdir -p /Users/runner/work/dspet-ios/dspet-ios/app/build/Build/Intermediates.noindex/DSPet.build/Release-iphoneos/DSPet.build/assetcatalog_output/unthinned
2026-10-01T05:43:10.4245460Z 
2026-10-01T05:43:10.4246020Z MkDir /Users/runner/work/dspet-ios/dspet-ios/app/build/Build/Intermediates.noindex/DSPet.build/Release-iphoneos/DSPet.build/assetcatalog_output/thinned (in target 'DSPet' from project 'DSPet')
2026-10-01T05:43:10.4247550Z     cd /Users/runner/work/dspet-ios/dspet-ios/app
2026-10-01T05:43:10.4248190Z     /bin/mkdir -p /Users/runner/work/dspet-ios/dspet-ios/app/build/Build/Intermediates.noindex/DSPet.build/Release-iphoneos/DSPet.build/assetcatalog_output/thinned
2026-10-01T05:43:10.4248940Z 
2026-10-01T05:43:10.4249410Z GenerateAssetSymbols /Users/runner/work/dspet-ios/dspet-ios/app/Resources/Assets.xcassets (in target 'DSPet' from project 'DSPet')
2026-10-01T05:43:10.4249950Z     cd /Users/runner/work/dspet-ios/dspet-ios/app
2026-10-01T05:43:10.4254750Z     /Applications/Xcode_26.6.app/Contents/Developer/usr/bin/actool /Users/runner/work/dspet-ios/dspet-ios/app/Resources/Assets.xcassets --compile /Users/runner/work/dspet-ios/dspet-ios/app/build/Build/Products/Release-iphoneos/DSPet.app --output-format human-readable-text --notices --warnings --export-dependency-info /Users/runner/work/dspet-ios/dspet-ios/app/build/Build/Intermediates.noindex/DSPet.build/Release-iphoneos/DSPet.build/assetcatalog_dependencies --output-partial-info-plist /Users/runner/work/dspet-ios/dspet-ios/app/build/Build/Intermediates.noindex/DSPet.build/Release-iphoneos/DSPet.build/assetcatalog_generated_info.plist --app-icon AppIcon --compress-pngs --enable-on-demand-resources YES --development-region en --target-device iphone --minimum-deployment-target 16.0 --platform iphoneos --bundle-identifier com.eazygz.dspet --generate-swift-asset-symbol-extensions NO --generate-swift-asset-symbols /Users/runner/work/dspet-ios/dspet-ios/app/build/Build/Intermediates.noindex/DSPet.build/Release-iphoneos/DSPet.build/DerivedSources/GeneratedAssetSymbols.swift --generate-objc-asset-symbols /Users/runner/work/dspet-ios/dspet-ios/app/build/Build/Intermediates.noindex/DSPet.build/Release-iphoneos/DSPet.build/DerivedSources/GeneratedAssetSymbols.h --generate-asset-symbol-index /Users/runner/work/dspet-ios/dspet-ios/app/build/Build/Intermediates.noindex/DSPet.build/Release-iphoneos/DSPet.build/DerivedSources/GeneratedAssetSymbols-Index.plist
2026-10-01T05:43:10.4259990Z /* com.apple.actool.compilation-results */
2026-10-01T05:43:10.4260960Z /Users/runner/work/dspet-ios/dspet-ios/app/build/Build/Intermediates.noindex/DSPet.build/Release-iphoneos/DSPet.build/DerivedSources/GeneratedAssetSymbols-Index.plist
2026-10-01T05:43:10.4261900Z /Users/runner/work/dspet-ios/dspet-ios/app/build/Build/Intermediates.noindex/DSPet.build/Release-iphoneos/DSPet.build/DerivedSources/GeneratedAssetSymbols.h
2026-10-01T05:43:10.4263070Z /Users/runner/work/dspet-ios/dspet-ios/app/build/Build/Intermediates.noindex/DSPet.build/Release-iphoneos/DSPet.build/DerivedSources/GeneratedAssetSymbols.swift
2026-10-01T05:43:10.4263630Z 
2026-10-01T05:43:10.4263630Z 
2026-10-01T05:43:10.4264220Z CpResource /Users/runner/work/dspet-ios/dspet-ios/app/build/Build/Products/Release-iphoneos/DSPet.app/web /Users/runner/work/dspet-ios/dspet-ios/app/Resources/web (in target 'DSPet' from project 'DSPet')
2026-10-01T05:43:10.4265120Z     cd /Users/runner/work/dspet-ios/dspet-ios/app
2026-10-01T05:43:10.4266260Z     builtin-copy -exclude .DS_Store -exclude CVS -exclude .svn -exclude .git -exclude .hg -resolve-src-symlinks /Users/runner/work/dspet-ios/dspet-ios/app/Resources/web /Users/runner/work/dspet-ios/dspet-ios/app/build/Build/Products/Release-iphoneos/DSPet.app
2026-10-01T05:43:10.4267060Z 
2026-10-01T05:43:10.4268200Z CompileAssetCatalogVariant thinned /Users/runner/work/dspet-ios/dspet-ios/app/build/Build/Products/Release-iphoneos/DSPet.app /Users/runner/work/dspet-ios/dspet-ios/app/Resources/Assets.xcassets (in target 'DSPet' from project 'DSPet')
2026-10-01T05:43:10.4269170Z     cd /Users/runner/work/dspet-ios/dspet-ios/app
2026-10-01T05:43:10.4272590Z     /Applications/Xcode_26.6.app/Contents/Developer/usr/bin/actool /Users/runner/work/dspet-ios/dspet-ios/app/Resources/Assets.xcassets --compile /Users/runner/work/dspet-ios/dspet-ios/app/build/Build/Intermediates.noindex/DSPet.build/Release-iphoneos/DSPet.build/assetcatalog_output/thinned --output-format human-readable-text --notices --warnings --export-dependency-info /Users/runner/work/dspet-ios/dspet-ios/app/build/Build/Intermediates.noindex/DSPet.build/Release-iphoneos/DSPet.build/assetcatalog_dependencies_thinned --output-partial-info-plist /Users/runner/work/dspet-ios/dspet-ios/app/build/Build/Intermediates.noindex/DSPet.build/Release-iphoneos/DSPet.build/assetcatalog_generated_info.plist_thinned --app-icon AppIcon --compress-pngs --enable-on-demand-resources YES --development-region en --target-device iphone --minimum-deployment-target 16.0 --platform iphoneos
2026-10-01T05:43:17.2713030Z 
2026-10-01T05:43:17.2751470Z SwiftDriver DSPet normal arm64 com.apple.xcode.tools.swift.compiler (in target 'DSPet' from project 'DSPet')
2026-10-01T05:43:17.2752530Z     cd /Users/runner/work/dspet-ios/dspet-ios/app
2026-10-01T05:43:17.2766570Z     builtin-SwiftDriver -- /Applications/Xcode_26.6.app/Contents/Developer/Toolchains/XcodeDefault.xctoolchain/usr/bin/swiftc -module-name DSPet -O -whole-module-optimization @/Users/runner/work/dspet-ios/dspet-ios/app/build/Build/Intermediates.noindex/DSPet.build/Release-iphoneos/DSPet.build/Objects-normal/arm64/DSPet.SwiftFileList -enable-bare-slash-regex -enable-experimental-feature DebugDescriptionMacro -sdk /Applications/Xcode_26.6.app/Contents/Developer/Platforms/iPhoneOS.platform/Developer/SDKs/iPhoneOS26.5.sdk -target arm64-apple-ios16.0 -g -module-cache-path /Users/runner/work/dspet-ios/dspet-ios/app/build/ModuleCache.noindex -Xfrontend -serialize-debugging-options -swift-version 5 -I /Users/runner/work/dspet-ios/dspet-ios/app/build/Build/Products/Release-iphoneos -F /Users/runner/work/dspet-ios/dspet-ios/app/build/Build/Products/Release-iphoneos -c -num-threads 3 -Xcc -ivfsstatcache -Xcc /Users/runner/work/dspet-ios/dspet-ios/app/build/SDKStatCaches.noindex/iphoneos26.5-23F81a-688ef53f1462e2c8f657fdc38a81448fee66e23052a0157c865c76b268046726.sdkstatcache -output-file-map /Users/runner/work/dspet-ios/dspet-ios/app/build/Build/Intermediates.noindex/DSPet.build/Release-iphoneos/DSPet.build/Objects-normal/arm64/DSPet-OutputFileMap.json -use-frontend-parseable-output -save-temps -no-color-diagnostics -explicit-module-build -module-cache-path /Users/runner/work/dspet-ios/dspet-ios/app/build/Build/Intermediates.noindex/SwiftExplicitPrecompiledModules -clang-scanner-module-cache-path /Users/runner/work/dspet-ios/dspet-ios/app/build/ModuleCache.noindex -sdk-module-cache-path /Users/runner/work/dspet-ios/dspet-ios/app/build/ModuleCache.noindex -serialize-diagnostics -emit-dependencies -emit-module -emit-module-path /Users/runner/work/dspet-ios/dspet-ios/app/build/Build/Intermediates.noindex/DSPet.build/Release-iphoneos/DSPet.build/Objects-normal/arm64/DSPet.swiftmodule -validate-clang-modules-once -clang-build-session-file /Users/runner/work/dspet-ios/dspet-ios/app/build/ModuleCache.noindex/Session.modulevalidation -Xcc -I/Users/runner/work/dspet-ios/dspet-ios/app/build/Build/Intermediates.noindex/DSPet.build/Release-iphoneos/DSPet.build/swift-overrides.hmap -emit-const-values -Xfrontend -const-gather-protocols-file -Xfrontend /Users/runner/work/dspet-ios/dspet-ios/app/build/Build/Intermediates.noindex/DSPet.build/Release-iphoneos/DSPet.build/Objects-normal/arm64/DSPet_const_extract_protocols.json -Xcc -iquote -Xcc /Users/runner/work/dspet-ios/dspet-ios/app/build/Build/Intermediates.noindex/DSPet.build/Release-iphoneos/DSPet.build/DSPet-generated-files.hmap -Xcc -I/Users/runner/work/dspet-ios/dspet-ios/app/build/Build/Intermediates.noindex/DSPet.build/Release-iphoneos/DSPet.build/DSPet-own-target-headers.hmap -Xcc -I/Users/runner/work/dspet-ios/dspet-ios/app/build/Build/Intermediates.noindex/DSPet.build/Release-iphoneos/DSPet.build/DSPet-all-target-headers.hmap -Xcc -iquote -Xcc /Users/runner/work/dspet-ios/dspet-ios/app/build/Build/Intermediates.noindex/DSPet.build/Release-iphoneos/DSPet.build/DSPet-project-headers.hmap -Xcc -I/Users/runner/work/dspet-ios/dspet-ios/app/build/Build/Products/Release-iphoneos/include -Xcc -I/Users/runner/work/dspet-ios/dspet-ios/app/build/Build/Intermediates.noindex/DSPet.build/Release-iphoneos/DSPet.build/DerivedSources-normal/arm64 -Xcc -I/Users/runner/work/dspet-ios/dspet-ios/app/build/Build/Intermediates.noindex/DSPet.build/Release-iphoneos/DSPet.build/DerivedSources/arm64 -Xcc -I/Users/runner/work/dspet-ios/dspet-ios/app/build/Build/Intermediates.noindex/DSPet.build/Release-iphoneos/DSPet.build/DerivedSources -emit-objc-header -emit-objc-header-path /Users/runner/work/dspet-ios/dspet-ios/app/build/Build/Intermediates.noindex/DSPet.build/Release-iphoneos/DSPet.build/Objects-normal/arm64/DSPet-Swift.h -working-directory /Users/runner/work/dspet-ios/dspet-ios/app -no-emit-module-separately-wmo
2026-10-01T05:43:17.2780930Z 
2026-10-01T05:43:17.2781820Z SwiftDriver\ Compilation DSPet normal arm64 com.apple.xcode.tools.swift.compiler (in target 'DSPet' from project 'DSPet')
2026-10-01T05:43:17.2782420Z     cd /Users/runner/work/dspet-ios/dspet-ios/app
2026-10-01T05:43:17.2795140Z     builtin-Swift-Compilation -- /Applications/Xcode_26.6.app/Contents/Developer/Toolchains/XcodeDefault.xctoolchain/usr/bin/swiftc -module-name DSPet -O -whole-module-optimization @/Users/runner/work/dspet-ios/dspet-ios/app/build/Build/Intermediates.noindex/DSPet.build/Release-iphoneos/DSPet.build/Objects-normal/arm64/DSPet.SwiftFileList -enable-bare-slash-regex -enable-experimental-feature DebugDescriptionMacro -sdk /Applications/Xcode_26.6.app/Contents/Developer/Platforms/iPhoneOS.platform/Developer/SDKs/iPhoneOS26.5.sdk -target arm64-apple-ios16.0 -g -module-cache-path /Users/runner/work/dspet-ios/dspet-ios/app/build/ModuleCache.noindex -Xfrontend -serialize-debugging-options -swift-version 5 -I /Users/runner/work/dspet-ios/dspet-ios/app/build/Build/Products/Release-iphoneos -F /Users/runner/work/dspet-ios/dspet-ios/app/build/Build/Products/Release-iphoneos -c -num-threads 3 -Xcc -ivfsstatcache -Xcc /Users/runner/work/dspet-ios/dspet-ios/app/build/SDKStatCaches.noindex/iphoneos26.5-23F81a-688ef53f1462e2c8f657fdc38a81448fee66e23052a0157c865c76b268046726.sdkstatcache -output-file-map /Users/runner/work/dspet-ios/dspet-ios/app/build/Build/Intermediates.noindex/DSPet.build/Release-iphoneos/DSPet.build/Objects-normal/arm64/DSPet-OutputFileMap.json -use-frontend-parseable-output -save-temps -no-color-diagnostics -explicit-module-build -module-cache-path /Users/runner/work/dspet-ios/dspet-ios/app/build/Build/Intermediates.noindex/SwiftExplicitPrecompiledModules -clang-scanner-module-cache-path /Users/runner/work/dspet-ios/dspet-ios/app/build/ModuleCache.noindex -sdk-module-cache-path /Users/runner/work/dspet-ios/dspet-ios/app/build/ModuleCache.noindex -serialize-diagnostics -emit-dependencies -emit-module -emit-module-path /Users/runner/work/dspet-ios/dspet-ios/app/build/Build/Intermediates.noindex/DSPet.build/Release-iphoneos/DSPet.build/Objects-normal/arm64/DSPet.swiftmodule -validate-clang-modules-once -clang-build-session-file /Users/runner/work/dspet-ios/dspet-ios/app/build/ModuleCache.noindex/Session.modulevalidation -Xcc -I/Users/runner/work/dspet-ios/dspet-ios/app/build/Build/Intermediates.noindex/DSPet.build/Release-iphoneos/DSPet.build/swift-overrides.hmap -emit-const-values -Xfrontend -const-gather-protocols-file -Xfrontend /Users/runner/work/dspet-ios/dspet-ios/app/build/Build/Intermediates.noindex/DSPet.build/Release-iphoneos/DSPet.build/Objects-normal/arm64/DSPet_const_extract_protocols.json -Xcc -iquote -Xcc /Users/runner/work/dspet-ios/dspet-ios/app/build/Build/Intermediates.noindex/DSPet.build/Release-iphoneos/DSPet.build/DSPet-generated-files.hmap -Xcc -I/Users/runner/work/dspet-ios/dspet-ios/app/build/Build/Intermediates.noindex/DSPet.build/Release-iphoneos/DSPet.build/DSPet-own-target-headers.hmap -Xcc -I/Users/runner/work/dspet-ios/dspet-ios/app/build/Build/Intermediates.noindex/DSPet.build/Release-iphoneos/DSPet.build/DSPet-all-target-headers.hmap -Xcc -iquote -Xcc /Users/runner/work/dspet-ios/dspet-ios/app/build/Build/Intermediates.noindex/DSPet.build/Release-iphoneos/DSPet.build/DSPet-project-headers.hmap -Xcc -I/Users/runner/work/dspet-ios/dspet-ios/app/build/Build/Products/Release-iphoneos/include -Xcc -I/Users/runner/work/dspet-ios/dspet-ios/app/build/Build/Intermediates.noindex/DSPet.build/Release-iphoneos/DSPet.build/DerivedSources-normal/arm64 -Xcc -I/Users/runner/work/dspet-ios/dspet-ios/app/build/Build/Intermediates.noindex/DSPet.build/Release-iphoneos/DSPet.build/DerivedSources/arm64 -Xcc -I/Users/runner/work/dspet-ios/dspet-ios/app/build/Build/Intermediates.noindex/DSPet.build/Release-iphoneos/DSPet.build/DerivedSources -emit-objc-header -emit-objc-header-path /Users/runner/work/dspet-ios/dspet-ios/app/build/Build/Intermediates.noindex/DSPet.build/Release-iphoneos/DSPet.build/Objects-normal/arm64/DSPet-Swift.h -working-directory /Users/runner/work/dspet-ios/dspet-ios/app -no-emit-module-separately-wmo
2026-10-01T05:43:17.2810640Z 
2026-10-01T05:43:17.2811090Z SwiftExplicitDependencyGeneratePcm arm64 /Users/runner/work/dspet-ios/dspet-ios/app/build/ModuleCache.noindex/_Builtin_stdarg-57998EMU5G24OW0BC3W5K616N.pcm
2026-10-01T05:43:17.2811650Z 
2026-10-01T05:43:17.2812070Z SwiftExplicitDependencyGeneratePcm arm64 /Users/runner/work/dspet-ios/dspet-ios/app/build/ModuleCache.noindex/_Builtin_stdbool-11T8XUQYM1QZY5UX16YCQXXCF.pcm
2026-10-01T05:43:17.2812630Z 
2026-10-01T05:43:17.2813040Z SwiftExplicitDependencyGeneratePcm arm64 /Users/runner/work/dspet-ios/dspet-ios/app/build/ModuleCache.noindex/_Builtin_stddef-6G8BAT0ENZOT5CTN8DY2AEDHL.pcm
2026-10-01T05:43:17.2813560Z 
2026-10-01T05:43:17.2814070Z SwiftExplicitDependencyGeneratePcm arm64 /Users/runner/work/dspet-ios/dspet-ios/app/build/ModuleCache.noindex/_SwiftConcurrencyShims-DFJXKLJQ2V66IUWQ2MC0ZBV2W.pcm
2026-10-01T05:43:17.2814630Z 
2026-10-01T05:43:17.2824980Z SwiftExplicitDependencyGeneratePcm arm64 /Users/runner/work/dspet-ios/dspet-ios/app/build/ModuleCache.noindex/SwiftShims-58HP0HUWBZQUTGXEADRIIPLR3.pcm
2026-10-01T05:43:17.2873980Z 
2026-10-01T05:43:17.2874460Z SwiftExplicitDependencyGeneratePcm arm64 /Users/runner/work/dspet-ios/dspet-ios/app/build/ModuleCache.noindex/ptrauth-F1CK3V5DRFSI50U6P05VPUE79.pcm
2026-10-01T05:43:17.2875070Z 
2026-10-01T05:43:17.2875540Z SwiftExplicitDependencyGeneratePcm arm64 /Users/runner/work/dspet-ios/dspet-ios/app/build/ModuleCache.noindex/DeveloperToolsSupport-4A3DIA75M1XF3DN0N7481VFMU.pcm
2026-10-01T05:43:17.2876680Z 
2026-10-01T05:43:17.2877660Z SwiftExplicitDependencyGeneratePcm arm64 /Users/runner/work/dspet-ios/dspet-ios/app/build/ModuleCache.noindex/_AvailabilityInternal-ECJ5DK8Z724VG6Y7VHUD7EJA6.pcm
2026-10-01T05:43:17.2878420Z 
2026-10-01T05:43:17.2879640Z SwiftExplicitDependencyGeneratePcm arm64 /Users/runner/work/dspet-ios/dspet-ios/app/build/ModuleCache.noindex/ptrcheck-CPVSMIVREZ60L83TQQKJ9QEFF.pcm
2026-10-01T05:43:17.2880220Z 
2026-10-01T05:43:17.2880810Z SwiftExplicitDependencyGeneratePcm arm64 /Users/runner/work/dspet-ios/dspet-ios/app/build/ModuleCache.noindex/_Builtin_float-2CRDPVNVQZZQ8LRZYGL6I24O3.pcm
2026-10-01T05:43:17.2881320Z 
2026-10-01T05:43:17.2881750Z SwiftExplicitDependencyGeneratePcm arm64 /Users/runner/work/dspet-ios/dspet-ios/app/build/ModuleCache.noindex/_DarwinFoundation1-7F4B8VZCDJ10M9FLGISZ0DQGG.pcm
2026-10-01T05:43:17.2882320Z 
2026-10-01T05:43:17.2882760Z SwiftExplicitDependencyGeneratePcm arm64 /Users/runner/work/dspet-ios/dspet-ios/app/build/ModuleCache.noindex/_DarwinFoundation2-69V8PDWKI6EOP0W8NROQXDROO.pcm
2026-10-01T05:43:17.2883270Z 
2026-10-01T05:43:17.2884130Z SwiftExplicitDependencyGeneratePcm arm64 /Users/runner/work/dspet-ios/dspet-ios/app/build/ModuleCache.noindex/_Builtin_limits-AKWZXAQD0OB6AXOY7GQS1J822.pcm
2026-10-01T05:43:17.2884650Z 
2026-10-01T05:43:17.2885110Z SwiftExplicitDependencyGeneratePcm arm64 /Users/runner/work/dspet-ios/dspet-ios/app/build/ModuleCache.noindex/sys_types-1EQOWJC777BSH8CEKQ823BHF0.pcm
2026-10-01T05:43:17.2885660Z 
2026-10-01T05:43:17.2886130Z SwiftExplicitDependencyGeneratePcm arm64 /Users/runner/work/dspet-ios/dspet-ios/app/build/ModuleCache.noindex/_Builtin_tgmath-13WQD65P1Z7QGRRALGQAOLG55.pcm
2026-10-01T05:43:17.2886760Z 
2026-10-01T05:43:17.2887180Z SwiftExplicitDependencyGeneratePcm arm64 /Users/runner/work/dspet-ios/dspet-ios/app/build/ModuleCache.noindex/_Builtin_stdint-EI912D2UI1WBR7LCFVPNN1ROS.pcm
2026-10-01T05:43:17.2888380Z 
2026-10-01T05:43:17.2888810Z SwiftExplicitDependencyGeneratePcm arm64 /Users/runner/work/dspet-ios/dspet-ios/app/build/ModuleCache.noindex/_DarwinFoundation3-36O6FMFLSB1YFLAPYM3QAO4ER.pcm
2026-10-01T05:43:17.2889300Z 
2026-10-01T05:43:17.2889800Z SwiftExplicitDependencyGeneratePcm arm64 /Users/runner/work/dspet-ios/dspet-ios/app/build/ModuleCache.noindex/_Builtin_stdatomic-8RGEK9ZVUCL6B3AFRRWCJDAZE.pcm
2026-10-01T05:43:17.2890330Z 
2026-10-01T05:43:17.2890820Z SwiftExplicitDependencyGeneratePcm arm64 /Users/runner/work/dspet-ios/dspet-ios/app/build/ModuleCache.noindex/_Builtin_intrinsics-428Y71KR6FI4AWV4V22W11B5D.pcm
2026-10-01T05:43:17.2891400Z 
2026-10-01T05:43:17.2891880Z SwiftExplicitDependencyGeneratePcm arm64 /Users/runner/work/dspet-ios/dspet-ios/app/build/ModuleCache.noindex/_Builtin_inttypes-E58RIR7L0HD9R17ROEAE6UMPJ.pcm
2026-10-01T05:43:17.2892450Z 
2026-10-01T05:43:17.2892850Z SwiftExplicitDependencyGeneratePcm arm64 /Users/runner/work/dspet-ios/dspet-ios/app/build/ModuleCache.noindex/Darwin-VXBK7H84UCVZWJ67NZ33BKMG.pcm
2026-10-01T05:43:17.2893400Z 
2026-10-01T05:43:17.2893850Z SwiftExplicitDependencyGeneratePcm arm64 /Users/runner/work/dspet-ios/dspet-ios/app/build/ModuleCache.noindex/simd-CU0GX3FXOHE6QNOIN5U87TYQT.pcm
2026-10-01T05:43:17.2894380Z 
2026-10-01T05:43:17.2894760Z SwiftExplicitDependencyGeneratePcm arm64 /Users/runner/work/dspet-ios/dspet-ios/app/build/ModuleCache.noindex/MachO-CYBEZJ64561RTPZ0J61SOSMDB.pcm
2026-10-01T05:43:17.2895290Z 
2026-10-01T05:43:17.2895700Z SwiftExplicitDependencyGeneratePcm arm64 /Users/runner/work/dspet-ios/dspet-ios/app/build/ModuleCache.noindex/ObjectiveC-CVL90IN5GR4ZXZ5VT9MNKGDUQ.pcm
2026-10-01T05:43:17.2896310Z 
2026-10-01T05:43:17.2896690Z SwiftExplicitDependencyGeneratePcm arm64 /Users/runner/work/dspet-ios/dspet-ios/app/build/ModuleCache.noindex/Spatial-41N6Q0ZV3D6CQGU5Z2UIX8LFP.pcm
2026-10-01T05:43:17.2897220Z 
2026-10-01T05:43:17.2897690Z SwiftExplicitDependencyGeneratePcm arm64 /Users/runner/work/dspet-ios/dspet-ios/app/build/ModuleCache.noindex/os_object-ECIMKUAJUYJR9LU85IGMFAVWT.pcm
2026-10-01T05:43:17.2898180Z 
2026-10-01T05:43:17.2898640Z SwiftExplicitDependencyGeneratePcm arm64 /Users/runner/work/dspet-ios/dspet-ios/app/build/ModuleCache.noindex/os_workgroup-CZFM5PI9GI5MV9K9RS82D5BWO.pcm
2026-10-01T05:43:17.2899120Z 
2026-10-01T05:43:17.2899580Z SwiftExplicitDependencyGeneratePcm arm64 /Users/runner/work/dspet-ios/dspet-ios/app/build/ModuleCache.noindex/Dispatch-7MSW8PVIZUY9J0ZEGVKOJZHI0.pcm
2026-10-01T05:43:17.2900120Z 
2026-10-01T05:43:17.2900550Z SwiftExplicitDependencyGeneratePcm arm64 /Users/runner/work/dspet-ios/dspet-ios/app/build/ModuleCache.noindex/dnssd-899FMUI0JLP9B4VPCPCXIYUNZ.pcm
2026-10-01T05:43:17.2901050Z 
2026-10-01T05:43:17.2901420Z SwiftExplicitDependencyGeneratePcm arm64 /Users/runner/work/dspet-ios/dspet-ios/app/build/ModuleCache.noindex/XPC-77C5A6V7N2RIE8AV4UR340AMM.pcm
2026-10-01T05:43:17.2901940Z 
2026-10-01T05:43:17.2902430Z SwiftExplicitDependencyGeneratePcm arm64 /Users/runner/work/dspet-ios/dspet-ios/app/build/ModuleCache.noindex/CoreFoundation-AHNIN94P5XF76UIZXUL3IC4HO.pcm
2026-10-01T05:43:17.2902980Z 
2026-10-01T05:43:17.2903350Z SwiftExplicitDependencyGeneratePcm arm64 /Users/runner/work/dspet-ios/dspet-ios/app/build/ModuleCache.noindex/os-AQVNLJIO33TZROPYPEBQKEITE.pcm
2026-10-01T05:43:17.2903800Z 
2026-10-01T05:43:17.2904540Z SwiftExplicitDependencyGeneratePcm arm64 /Users/runner/work/dspet-ios/dspet-ios/app/build/ModuleCache.noindex/CFNetwork-47GUHKWP9D06GYESXWPYPKHOK.pcm
2026-10-01T05:43:17.2905110Z 
2026-10-01T05:43:17.2905730Z SwiftExplicitDependencyGeneratePcm arm64 /Users/runner/work/dspet-ios/dspet-ios/app/build/ModuleCache.noindex/CoreGraphics-9388UYCEBREYYIO7E3D8P6ZDE.pcm
2026-10-01T05:43:17.2906270Z 
2026-10-01T05:43:17.2906660Z SwiftExplicitDependencyGeneratePcm arm64 /Users/runner/work/dspet-ios/dspet-ios/app/build/ModuleCache.noindex/Security-75F73CV5HQE6O8RWSFVCYL9GO.pcm
2026-10-01T05:43:17.2907340Z 
2026-10-01T05:43:17.2907740Z SwiftExplicitDependencyGeneratePcm arm64 /Users/runner/work/dspet-ios/dspet-ios/app/build/ModuleCache.noindex/CoreAudioTypes-714ULCH7Z2L84MYB74FNRBK3H.pcm
2026-10-01T05:43:17.2908220Z 
2026-10-01T05:43:17.2908630Z SwiftExplicitDependencyGeneratePcm arm64 /Users/runner/work/dspet-ios/dspet-ios/app/build/ModuleCache.noindex/ImageIO-83BS22ZZHKLBVETSSGJWSE530.pcm
2026-10-01T05:43:17.2909150Z 
2026-10-01T05:43:17.2909550Z SwiftExplicitDependencyGeneratePcm arm64 /Users/runner/work/dspet-ios/dspet-ios/app/build/ModuleCache.noindex/Foundation-5RC7ZGTRQUGOTROY9TZJK75YE.pcm
2026-10-01T05:43:17.2910030Z 
2026-10-01T05:43:17.2910430Z SwiftExplicitDependencyGeneratePcm arm64 /Users/runner/work/dspet-ios/dspet-ios/app/build/ModuleCache.noindex/CoreText-BLQXZCIWQRSL7MROK9IV7L3V5.pcm
2026-10-01T05:43:17.2910930Z 
2026-10-01T05:43:17.2911390Z SwiftExplicitDependencyGeneratePcm arm64 /Users/runner/work/dspet-ios/dspet-ios/app/build/ModuleCache.noindex/CoreAudio-73UMI3TD9ZS4OT4FQP0LA2ATI.pcm
2026-10-01T05:43:17.2911860Z 
2026-10-01T05:43:17.2916480Z SwiftExplicitDependencyGeneratePcm arm64 /Users/runner/work/dspet-ios/dspet-ios/app/build/ModuleCache.noindex/Accessibility-DTLQH87EFWWUDFSFVOQCB8WC7.pcm
2026-10-01T05:43:17.2917060Z 
2026-10-01T05:43:17.2917580Z SwiftExplicitDependencyGeneratePcm arm64 /Users/runner/work/dspet-ios/dspet-ios/app/build/ModuleCache.noindex/CoreMIDI-59NSMIZNJGP7WNS2TXQ7QQZ5Z.pcm
2026-10-01T05:43:17.2918140Z 
2026-10-01T05:43:17.2918550Z SwiftExplicitDependencyGeneratePcm arm64 /Users/runner/work/dspet-ios/dspet-ios/app/build/ModuleCache.noindex/CoreData-F2GXLU21OG88VZ1CB3MUAC879.pcm
2026-10-01T05:43:17.2919100Z 
2026-10-01T05:43:17.2919590Z SwiftExplicitDependencyGeneratePcm arm64 /Users/runner/work/dspet-ios/dspet-ios/app/build/ModuleCache.noindex/UIUtilities-9OQCDKYP8SA4AMP5K992KEOC.pcm
2026-10-01T05:43:17.2920150Z 
2026-10-01T05:43:17.2920660Z SwiftExplicitDependencyGeneratePcm arm64 /Users/runner/work/dspet-ios/dspet-ios/app/build/ModuleCache.noindex/AudioToolbox-5VAGUR88I39BKD55OY6RBAJDN.pcm
2026-10-01T05:43:17.2921180Z 
2026-10-01T05:43:17.2921680Z SwiftExplicitDependencyGeneratePcm arm64 /Users/runner/work/dspet-ios/dspet-ios/app/build/ModuleCache.noindex/UserNotifications-DTGX7XVRSIGRS767UCXE48RLH.pcm
2026-10-01T05:43:17.2922250Z 
2026-10-01T05:43:17.2922730Z SwiftExplicitDependencyGeneratePcm arm64 /Users/runner/work/dspet-ios/dspet-ios/app/build/ModuleCache.noindex/DataDetection-13BETCXU09I5NISI9C7OQGAP5.pcm
2026-10-01T05:43:17.2923260Z 
2026-10-01T05:43:17.2923740Z SwiftExplicitDependencyGeneratePcm arm64 /Users/runner/work/dspet-ios/dspet-ios/app/build/ModuleCache.noindex/Network-9RLLM4DYGL6FF13T3VBJBOH0V.pcm
2026-10-01T05:43:17.2924280Z 
2026-10-01T05:43:17.2924760Z SwiftExplicitDependencyGeneratePcm arm64 /Users/runner/work/dspet-ios/dspet-ios/app/build/ModuleCache.noindex/Symbols-FW7OQ2AGCT3YRR96F2VJ5X18.pcm
2026-10-01T05:43:17.2925250Z 
2026-10-01T05:43:17.2925760Z SwiftExplicitDependencyGeneratePcm arm64 /Users/runner/work/dspet-ios/dspet-ios/app/build/ModuleCache.noindex/CoreTransferable-URB2VM3WRYOPCC33COHAY0RT.pcm
2026-10-01T05:43:17.2926340Z 
2026-10-01T05:43:17.2926750Z SwiftExplicitDependencyGeneratePcm arm64 /Users/runner/work/dspet-ios/dspet-ios/app/build/ModuleCache.noindex/FileProvider-3MHGTB3I2GYA3DTDHINV94AD2.pcm
2026-10-01T05:43:17.2927330Z 
2026-10-01T05:43:17.2927970Z SwiftExplicitDependencyGeneratePcm arm64 /Users/runner/work/dspet-ios/dspet-ios/app/build/ModuleCache.noindex/AVRouting-654PH3HTANCQP7LWERXNWCZJ2.pcm
2026-10-01T05:43:17.2928530Z 
2026-10-01T05:43:17.2929040Z SwiftExplicitDependencyGeneratePcm arm64 /Users/runner/work/dspet-ios/dspet-ios/app/build/ModuleCache.noindex/UniformTypeIdentifiers-8VH3MQI8BS8IMQZZHLGXA6CC1.pcm
2026-10-01T05:43:17.2929560Z 
2026-10-01T05:43:17.2930030Z SwiftExplicitDependencyGeneratePcm arm64 /Users/runner/work/dspet-ios/dspet-ios/app/build/ModuleCache.noindex/OSLog-9CEHWN2YWT465PEORCDYB8PM.pcm
2026-10-01T05:43:17.2930570Z 
2026-10-01T05:43:17.2931030Z SwiftExplicitDependencyGeneratePcm arm64 /Users/runner/work/dspet-ios/dspet-ios/app/build/ModuleCache.noindex/IOSurface-F3MC2ANQ2YQE2EA2LDJK8LI3K.pcm
2026-10-01T05:43:17.2931810Z 
2026-10-01T05:43:17.2932200Z SwiftExplicitDependencyGeneratePcm arm64 /Users/runner/work/dspet-ios/dspet-ios/app/build/ModuleCache.noindex/OpenGLES-E9MS1PXS0TLZJQK3LPCY18A7G.pcm
2026-10-01T05:43:17.2932730Z 
2026-10-01T05:43:17.2933110Z SwiftExplicitDependencyGeneratePcm arm64 /Users/runner/work/dspet-ios/dspet-ios/app/build/ModuleCache.noindex/Metal-41RZ32HI4KA0V22NM8IQ5CMX9.pcm
2026-10-01T05:43:17.2933550Z 
2026-10-01T05:43:17.2933970Z SwiftExplicitDependencyGeneratePcm arm64 /Users/runner/work/dspet-ios/dspet-ios/app/build/ModuleCache.noindex/MediaAccessibility-7JCH969EOI3M0YJ5ANCT3W82L.pcm
2026-10-01T05:43:17.2934460Z 
2026-10-01T05:43:17.2934850Z SwiftExplicitDependencyGeneratePcm arm64 /Users/runner/work/dspet-ios/dspet-ios/app/build/ModuleCache.noindex/CoreVideo-85F1Q9H0QSHUL67AM5M1ILCYH.pcm
2026-10-01T05:43:17.2935380Z 
2026-10-01T05:43:17.2935760Z SwiftExplicitDependencyGeneratePcm arm64 /Users/runner/work/dspet-ios/dspet-ios/app/build/ModuleCache.noindex/CoreImage-Q8NRDFF8LH9L19K3RTU88CTC.pcm
2026-10-01T05:43:17.2936230Z 
2026-10-01T05:43:17.2936610Z SwiftExplicitDependencyGeneratePcm arm64 /Users/runner/work/dspet-ios/dspet-ios/app/build/ModuleCache.noindex/CoreMedia-8FLLDUA8B7KQYC90EVCPW3BDJ.pcm
2026-10-01T05:43:17.2937260Z ** BUILD FAILED **
2026-10-01T05:43:17.2937420Z 
2026-10-01T05:43:17.2937430Z 
2026-10-01T05:43:17.2937570Z The following build commands failed:
2026-10-01T05:43:17.2991680Z 	SwiftCompile normal arm64 Compiling\ ContentView.swift,\ DSPetApp.swift,\ LocalServer.swift,\ PiPManager.swift,\ GeneratedAssetSymbols.swift /Users/runner/work/dspet-ios/dspet-ios/app/Sources/ContentView.swift /Users/runner/work/dspet-ios/dspet-ios/app/Sources/DSPetApp.swift /Users/runner/work/dspet-ios/dspet-ios/app/Sources/LocalServer.swift /Users/runner/work/dspet-ios/dspet-ios/app/Sources/PiPManager.swift /Users/runner/work/dspet-ios/dspet-ios/app/build/Build/Intermediates.noindex/DSPet.build/Release-iphoneos/DSPet.build/DerivedSources/GeneratedAssetSymbols.swift /Applications/Xcode_26.6.app/Contents/Developer/Toolchains/XcodeDefault.xctoolchain/usr/lib/swift/iphoneos/prebuilt-modules/26.5/Dispatch.swiftmodule/arm64e-apple-ios.swiftmodule /Applications/Xcode_26.6.app/Contents/Developer/Toolchains/XcodeDefault.xctoolchain/usr/lib/swift/iphoneos/prebuilt-modules/26.5/CoreMIDI.swiftmodule/arm64e-apple-ios.swiftmodule /Applications/Xcode_26.6.app/Contents/Developer/Toolchains/XcodeDefault.xctoolchain/usr/lib/swift/iphoneos/prebuilt-modules/26.5/AVKit.swiftmodule/arm64e-apple-ios.swiftmodule /Applications/Xcode_26.6.app/Contents/Developer/Toolchains/XcodeDefault.xctoolchain/usr/lib/swift/iphoneos/prebuilt-modules/26.5/UIKit.swiftmodule/arm64e-apple-ios.swiftmodule /Applications/Xcode_26.6.app/Contents/Developer/Toolchains/XcodeDefault.xctoolchain/usr/lib/swift/iphoneos/prebuilt-modules/26.5/simd.swiftmodule/arm64e-apple-ios.swiftmodule /Applications/Xcode_26.6.app/Contents/Developer/Toolchains/XcodeDefault.xctoolchain/usr/lib/swift/iphoneos/prebuilt-modules/26.5/Foundation.swiftmodule/arm64e-apple-ios.swiftmodule /Applications/Xcode_26.6.app/Contents/Developer/Toolchains/XcodeDefault.xctoolchain/usr/lib/swift/iphoneos/prebuilt-modules/26.5/_Concurrency.swiftmodule/arm64e-apple-ios.swiftmodule /Applications/Xcode_26.6.app/Contents/Developer/Toolchains/XcodeDefault.xctoolchain/usr/lib/swift/iphoneos/prebuilt-modules/26.5/QuartzCore.swiftmodule/arm64e-apple-ios.swiftmodule /Applications/Xcode_26.6.app/Contents/Developer/Toolchains/XcodeDefault.xctoolchain/usr/lib/swift/iphoneos/prebuilt-modules/26.5/CoreData.swiftmodule/arm64e-apple-ios.swiftmodule /Applications/Xcode_26.6.app/Contents/Developer/Toolchains/XcodeDefault.xctoolchain/usr/lib/swift/iphoneos/prebuilt-modules/26.5/_DarwinFoundation3.swiftmodule/arm64e-apple-ios.swiftmodule /Applications/Xcode_26.6.app/Contents/Developer/Toolchains/XcodeDefault.xctoolchain/usr/lib/swift/iphoneos/prebuilt-modules/26.5/FileProvider.swiftmodule/arm64e-apple-ios.swiftmodule /Applications/Xcode_26.6.app/Contents/Developer/Toolchains/XcodeDefault.xctoolchain/usr/lib/swift/iphoneos/prebuilt-modules/26.5/CoreFoundation.swiftmodule/arm64e-apple-ios.swiftmodule /Applications/Xcode_26.6.app/Contents/Developer/Toolchains/XcodeDefault.xctoolchain/usr/lib/swift/iphoneos/prebuilt-modules/26.5/_StringProcessing.swiftmodule/arm64e-apple-ios.swiftmodule /Applications/Xcode_26.6.app/Contents/Developer/Toolchains/XcodeDefault.xctoolchain/usr/lib/swift/iphoneos/prebuilt-modules/26.5/OSLog.swiftmodule/arm64e-apple-ios.swiftmodule /Applications/Xcode_26.6.app/Contents/Developer/Toolchains/XcodeDefault.xctoolchain/usr/lib/swift/iphoneos/prebuilt-modules/26.5/Spatial.swiftmodule/arm64e-apple-ios.swiftmodule /Applications/Xcode_26.6.app/Contents/Developer/Toolchains/XcodeDefault.xctoolchain/usr/lib/swift/iphoneos/prebuilt-modules/26.5/WebKit.swiftmodule/arm64e-apple-ios.swiftmodule /Applications/Xcode_26.6.app/Contents/Developer/Toolchains/XcodeDefault.xctoolchain/usr/lib/swift/iphoneos/prebuilt-modules/26.5/Network.swiftmodule/arm64e-apple-ios.swiftmodule /Applications/Xcode_26.6.app/Contents/Developer/Toolchains/XcodeDefault.xctoolchain/usr/lib/swift/iphoneos/prebuilt-modules/26.5/DeveloperToolsSupport.swiftmodule/arm64e-apple-ios.swiftmodule /Applications/Xcode_26.6.app/Contents/Developer/Toolchains/XcodeDefault.xctoolchain/usr/lib/swift/iphoneos/prebuilt-modules/26.5/_DarwinFoundation2.swiftmodule/arm64e-apple-ios.swiftmodule /Applications/Xcode_26.6.app/Contents/Developer/Toolchains/XcodeDefault.xctoolchain/usr/lib/swift/iphoneos/prebuilt-modules/26.5/UniformTypeIdentifiers.swiftmodule/arm64e-apple-ios.swiftmodule /Applications/Xcode_26.6.app/Contents/Developer/Toolchains/XcodeDefault.xctoolchain/usr/lib/swift/iphoneos/prebuilt-modules/26.5/CoreGraphics.swiftmodule/arm64e-apple-ios.swiftmodule /Applications/Xcode_26.6.app/Contents/Developer/Toolchains/XcodeDefault.xctoolchain/usr/lib/swift/iphoneos/prebuilt-modules/26.5/Combine.swiftmodule/arm64e-apple-ios.swiftmodule /Applications/Xcode_26.6.app/Contents/Developer/Toolchains/XcodeDefault.xctoolchain/usr/lib/swift/iphoneos/prebuilt-modules/26.5/Observation.swiftmodule/arm64e-apple-ios.swiftmodule /Applications/Xcode_26.6.app/Contents/Developer/Toolchains/XcodeDefault.xctoolchain/usr/lib/swift/iphoneos/prebuilt-modules/26.5/DataDetection.swiftmodule/arm64e-apple-ios.swiftmodule /Applications/Xcode_26.6.app/Contents/Developer/Toolchains/XcodeDefault.xctoolchain/usr/lib/swift/iphoneos/prebuilt-modules/26.5/CoreTransferable.swiftmodule/arm64e-apple-ios.swiftmodule /Applications/Xcode_26.6.app/Contents/Developer/Toolchains/XcodeDefault.xctoolchain/usr/lib/swift/iphoneos/prebuilt-modules/26.5/os.swiftmodule/arm64e-apple-ios.swiftmodule /Applications/Xcode_26.6.app/Contents/Developer/Toolchains/XcodeDefault.xctoolchain/usr/lib/swift/iphoneos/prebuilt-modules/26.5/CoreAudio.swiftmodule/arm64e-apple-ios.swiftmodule /Applications/Xcode_26.6.app/Contents/Developer/Toolchains/XcodeDefault.xctoolchain/usr/lib/swift/iphoneos/prebuilt-modules/26.5/Symbols.swiftmodule/arm64e-apple-ios.swiftmodule /Applications/Xcode_26.6.app/Contents/Developer/Toolchains/XcodeDefault.xctoolchain/usr/lib/swift/iphoneos/prebuilt-modules/26.5/System.swiftmodule/arm64e-apple-ios.swiftmodule /Applications/Xcode_26.6.app/Contents/Developer/Toolchains/XcodeDefault.xctoolchain/usr/lib/swift/iphoneos/prebuilt-modules/26.5/Swift.swiftmodule/arm64e-apple-ios.swiftmodule /Applications/Xcode_26.6.app/Contents/Developer/Toolchains/XcodeDefault.xctoolchain/usr/lib/swift/iphoneos/prebuilt-modules/26.5/Accessibility.swiftmodule/arm64e-apple-ios.swiftmodule /Applications/Xcode_26.6.app/Contents/Developer/Toolchains/XcodeDefault.xctoolchain/usr/lib/swift/iphoneos/prebuilt-modules/26.5/TipKit.swiftmodule/arm64e-apple-ios.swiftmodule /Applications/Xcode_26.6.app/Contents/Developer/Toolchains/XcodeDefault.xctoolchain/usr/lib/swift/iphoneos/prebuilt-modules/26.5/Metal.swiftmodule/arm64e-apple-ios.swiftmodule /Applications/Xcode_26.6.app/Contents/Developer/Toolchains/XcodeDefault.xctoolchain/usr/lib/swift/iphoneos/prebuilt-modules/26.5/_WebKit_SwiftUI.swiftmodule/arm64e-apple-ios.swiftmodule /Applications/Xcode_26.6.app/Contents/Developer/Toolchains/XcodeDefault.xctoolchain/usr/lib/swift/iphoneos/prebuilt-modules/26.5/_Builtin_float.swiftmodule/arm64e-apple-ios.swiftmodule /Applications/Xcode_26.6.app/Contents/Developer/Toolchains/XcodeDefault.xctoolchain/usr/lib/swift/iphoneos/prebuilt-modules/26.5/Distributed.swiftmodule/arm64e-apple-ios.swiftmodule /Applications/Xcode_26.6.app/Contents/Developer/Toolchains/XcodeDefault.xctoolchain/usr/lib/swift/iphoneos/prebuilt-modules/26.5/Synchronization.swiftmodule/arm64e-apple-ios.swiftmodule /Applications/Xcode_26.6.app/Contents/Developer/Toolchains/XcodeDefault.xctoolchain/usr/lib/swift/iphoneos/prebuilt-modules/26.5/CoreMedia.swiftmodule/arm64e-apple-ios.swiftmodule /Applications/Xcode_26.6.app/Contents/Developer/Toolchains/XcodeDefault.xctoolchain/usr/lib/swift/iphoneos/prebuilt-modules/26.5/CoreVideo.swiftmodule/arm64e-apple-ios.swiftmodule /Applications/Xcode_26.6.app/Contents/Developer/Toolchains/XcodeDefault.xctoolchain/usr/lib/swift/iphoneos/prebuilt-modules/26.5/ObjectiveC.swiftmodule/arm64e-apple-ios.swiftmodule /Applications/Xcode_26.6.app/Contents/Developer/Toolchains/XcodeDefault.xctoolchain/usr/lib/swift/iphoneos/prebuilt-modules/26.5/MediaAccessibility.swiftmodule/arm64e-apple-ios.swiftmodule /Applications/Xcode_26.6.app/Contents/Developer/Toolchains/XcodeDefault.xctoolchain/usr/lib/swift/iphoneos/prebuilt-modules/26.5/AVFoundation.swiftmodule/arm64e-apple-ios.swiftmodule /Applications/Xcode_26.6.app/Contents/Developer/Toolchains/XcodeDefault.xctoolchain/usr/lib/swift/iphoneos/prebuilt-modules/26.5/AudioToolbox.swiftmodule/arm64e-apple-ios.swiftmodule /Applications/Xcode_26.6.app/Contents/Developer/Toolchains/XcodeDefault.xctoolchain/usr/lib/swift/iphoneos/prebuilt-modules/26.5/AVFAudio.swiftmodule/arm64e-apple-ios.swiftmodule /Applications/Xcode_26.6.app/Contents/Developer/Toolchains/XcodeDefault.xctoolchain/usr/lib/swift/iphoneos/prebuilt-modules/26.5/_DarwinFoundation1.swiftmodule/arm64e-apple-ios.swiftmodule /Applications/Xcode_26.6.app/Contents/Developer/Toolchains/XcodeDefault.xctoolchain/usr/lib/swift/iphoneos/prebuilt-modules/26.5/SwiftUI.swiftmodule/arm64e-apple-ios.swiftmodule /Applications/Xcode_26.6.app/Contents/Developer/Toolchains/XcodeDefault.xctoolchain/usr/lib/swift/iphoneos/prebuilt-modules/26.5/SwiftUICore.swiftmodule/arm64e-apple-ios.swiftmodule /Applications/Xcode_26.6.app/Contents/Developer/Toolchains/XcodeDefault.xctoolchain/usr/lib/swift/iphoneos/prebuilt-modules/26.5/XPC.swiftmodule/arm64e-apple-ios.swiftmodule /Applications/Xcode_26.6.app/Contents/Developer/Toolchains/XcodeDefault.xctoolchain/usr/lib/swift/iphoneos/prebuilt-modules/26.5/CoreImage.swiftmodule/arm64e-apple-ios.swiftmodule /Applications/Xcode_26.6.app/Contents/Developer/Toolchains/XcodeDefault.xctoolchain/usr/lib/swift/iphoneos/prebuilt-modules/26.5/Darwin.swiftmodule/arm64e-apple-ios.swiftmodule /Applications/Xcode_26.6.app/Contents/Developer/Toolchains/XcodeDefault.xctoolchain/usr/lib/swift/iphoneos/prebuilt-modules/26.5/CoreText.swiftmodule/arm64e-apple-ios.swiftmodule /Users/runner/work/dspet-ios/dspet-ios/app/build/ModuleCache.noindex/SwiftShims-58HP0HUWBZQUTGXEADRIIPLR3.pcm /Users/runner/work/dspet-ios/dspet-ios/app/build/ModuleCache.noindex/os-AQVNLJIO33TZROPYPEBQKEITE.pcm /Users/runner/work/dspet-ios/dspet-ios/app/build/ModuleCache.noindex/_Builtin_stdarg-57998EMU5G24OW0BC3W5K616N.pcm /Users/runner/work/dspet-ios/dspet-ios/app/build/ModuleCache.noindex/Dispatch-7MSW8PVIZUY9J0ZEGVKOJZHI0.pcm /Users/runner/work/dspet-ios/dspet-ios/app/build/ModuleCache.noindex/Security-75F73CV5HQE6O8RWSFVCYL9GO.pcm /Users/runner/work/dspet-ios/dspet-ios/app/build/ModuleCache.noindex/UserNotifications-DTGX7XVRSIGRS767UCXE48RLH.pcm /Users/runner/work/dspet-ios/dspet-ios/app/build/ModuleCache.noindex/_Builtin_stddef-6G8BAT0ENZOT5CTN8DY2AEDHL.pcm /Users/runner/work/dspet-ios/dspet-ios/app/build/ModuleCache.noindex/_SwiftConcurrencyShims-DFJXKLJQ2V66IUWQ2MC0ZBV2W.pcm /Users/runner/work/dspet-ios/dspet-ios/app/build/ModuleCache.noindex/SwiftUICore-A59XWR9JZCNLI6HU0KKEFM6RN.pcm /Users/runner/work/dspet-ios/dspet-ios/app/build/ModuleCache.noindex/sys_types-1EQOWJC777BSH8CEKQ823BHF0.pcm /Users/runner/work/dspet-ios/dspet-ios/app/build/ModuleCache.noindex/Network-9RLLM4DYGL6FF13T3VBJBOH0V.pcm /Users/runner/work/dspet-ios/dspet-ios/app/build/ModuleCache.noindex/CoreTransferable-URB2VM3WRYOPCC33COHAY0RT.pcm /Users/runner/work/dspet-ios/dspet-ios/app/build/ModuleCache.noindex/CoreGraphics-9388UYCEBREYYIO7E3D8P6ZDE.pcm /Users/runner/work/dspet-ios/dspet-ios/app/build/ModuleCache.noindex/_DarwinFoundation2-69V8PDWKI6EOP0W8NROQXDROO.pcm /Users/runner/work/dspet-ios/dspet-ios/app/build/ModuleCache.noindex/_Builtin_inttypes-E58RIR7L0HD9R17ROEAE6UMPJ.pcm /Users/runner/work/dspet-ios/dspet-ios/app/build/ModuleCache.noindex/CoreMedia-8FLLDUA8B7KQYC90EVCPW3BDJ.pcm /Users/runner/work/dspet-ios/dspet-ios/app/build/ModuleCache.noindex/SwiftUI-4QCN584OK87ETG09EKBRH330Z.pcm /Users/runner/work/dspet-ios/dspet-ios/app/build/ModuleCache.noindex/os_workgroup-CZFM5PI9GI5MV9K9RS82D5BWO.pcm /Users/runner/work/dspet-ios/dspet-ios/app/build/ModuleCache.noindex/_Builtin_float-2CRDPVNVQZZQ8LRZYGL6I24O3.pcm /Users/runner/work/dspet-ios/dspet-ios/app/build/ModuleCache.noindex/ImageIO-83BS22ZZHKLBVETSSGJWSE530.pcm /Users/runner/work/dspet-ios/dspet-ios/app/build/ModuleCache.noindex/WebKit-CBAJ87LCRRECSU1NQ4WKC7LT9.pcm /Users/runner/work/dspet-ios/dspet-ios/app/build/ModuleCache.noindex/QuartzCore-39AD9NSL4XI8IXQHL61FOSFJK.pcm /Users/runner/work/dspet-ios/dspet-ios/app/build/ModuleCache.noindex/OSLog-9CEHWN2YWT465PEORCDYB8PM.pcm /Users/runner/work/dspet-ios/dspet-ios/app/build/ModuleCache.noindex/AVFoundation-2IDJSHX85SNWIR6LDXYTKM4U4.pcm /Users/runner/work/dspet-ios/dspet-ios/app/build/ModuleCache.noindex/_Builtin_stdatomic-8RGEK9ZVUCL6B3AFRRWCJDAZE.pcm /Users/runner/work/dspet-ios/dspet-ios/app/build/ModuleCache.noindex/os_object-ECIMKUAJUYJR9LU85IGMFAVWT.pcm /Users/runner/work/dspet-ios/dspet-ios/app/build/ModuleCache.noindex/CFNetwork-47GUHKWP9D06GYESXWPYPKHOK.pcm /Users/runner/work/dspet-ios/dspet-ios/app/build/ModuleCache.noindex/ObjectiveC-CVL90IN5GR4ZXZ5VT9MNKGDUQ.pcm /Users/runner/work/dspet-ios/dspet-ios/app/build/ModuleCache.noindex/_AvailabilityInternal-ECJ5DK8Z724VG6Y7VHUD7EJA6.pcm /Users/runner/work/dspet-ios/dspet-ios/app/build/ModuleCache.noindex/CoreImage-Q8NRDFF8LH9L19K3RTU88CTC.pcm /Users/runner/work/dspet-ios/dspet-ios/app/build/ModuleCache.noindex/ptrauth-F1CK3V5DRFSI50U6P05VPUE79.pcm /Users/runner/work/dspet-ios/dspet-ios/app/build/ModuleCache.noindex/AVRouting-654PH3HTANCQP7LWERXNWCZJ2.pcm /Users/runner/work/dspet-ios/dspet-ios/app/build/ModuleCache.noindex/_Builtin_stdbool-11T8XUQYM1QZY5UX16YCQXXCF.pcm /Users/runner/work/dspet-ios/dspet-ios/app/build/ModuleCache.noindex/CoreFoundation-AHNIN94P5XF76UIZXUL3IC4HO.pcm /Users/runner/work/dspet-ios/dspet-ios/app/build/ModuleCache.noindex/AudioToolbox-5VAGUR88I39BKD55OY6RBAJDN.pcm /Users/runner/work/dspet-ios/dspet-ios/app/build/ModuleCache.noindex/CoreText-BLQXZCIWQRSL7MROK9IV7L3V5.pcm /Users/runner/work/dspet-ios/dspet-ios/app/build/ModuleCache.noindex/Symbols-FW7OQ2AGCT3YRR96F2VJ5X18.pcm /Users/runner/work/dspet-ios/dspet-ios/app/build/ModuleCache.noindex/MachO-CYBEZJ64561RTPZ0J61SOSMDB.pcm /Users/runner/work/dspet-ios/dspet-ios/app/build/ModuleCache.noindex/simd-CU0GX3FXOHE6QNOIN5U87TYQT.pcm /Users/runner/work/dspet-ios/dspet-ios/app/build/ModuleCache.noindex/Metal-41RZ32HI4KA0V22NM8IQ5CMX9.pcm /Users/runner/work/dspet-ios/dspet-ios/app/build/ModuleCache.noindex/UIKit-CIXCQI4QSG1PSCG8XONJL2CWB.pcm /Users/runner/work/dspet-ios/dspet-ios/app/build/ModuleCache.noindex/_DarwinFoundation1-7F4B8VZCDJ10M9FLGISZ0DQGG.pcm /Users/runner/work/dspet-ios/dspet-ios/app/build/ModuleCache.noindex/_Builtin_intrinsics-428Y71KR6FI4AWV4V22W11B5D.pcm /Users/runner/work/dspet-ios/dspet-ios/app/build/ModuleCache.noindex/CoreAudio-73UMI3TD9ZS4OT4FQP0LA2ATI.pcm /Users/runner/work/dspet-ios/dspet-ios/app/build/ModuleCache.noindex/Foundation-5RC7ZGTRQUGOTROY9TZJK75YE.pcm /Users/runner/work/dspet-ios/dspet-ios/app/build/ModuleCache.noindex/DeveloperToolsSupport-4A3DIA75M1XF3DN0N7481VFMU.pcm /Users/runner/work/dspet-ios/dspet-ios/app/build/ModuleCache.noindex/XPC-77C5A6V7N2RIE8AV4UR340AMM.pcm /Users/runner/work/dspet-ios/dspet-ios/app/build/ModuleCache.noindex/CoreVideo-85F1Q9H0QSHUL67AM5M1ILCYH.pcm /Users/runner/work/dspet-ios/dspet-ios/app/build/ModuleCache.noindex/AVKit-2S1SRKMP9DDHHMZWFD0VE8T0E.pcm /Users/runner/work/dspet-ios/dspet-ios/app/build/ModuleCache.noindex/DataDetection-13BETCXU09I5NISI9C7OQGAP5.pcm /Users/runner/work/dspet-ios/dspet-ios/app/build/ModuleCache.noindex/CoreData-F2GXLU21OG88VZ1CB3MUAC879.pcm /Users/runner/work/dspet-ios/dspet-ios/app/build/ModuleCache.noindex/_DarwinFoundation3-36O6FMFLSB1YFLAPYM3QAO4ER.pcm /Users/runner/work/dspet-ios/dspet-ios/app/build/ModuleCache.noindex/UIUtilities-9OQCDKYP8SA4AMP5K992KEOC.pcm /Users/runner/work/dspet-ios/dspet-ios/app/build/ModuleCache.noindex/MediaAccessibility-7JCH969EOI3M0YJ5ANCT3W82L.pcm /Users/runner/work/dspet-ios/dspet-ios/app/build/ModuleCache.noindex/CoreAudioTypes-714ULCH7Z2L84MYB74FNRBK3H.pcm /Users/runner/work/dspet-ios/dspet-ios/app/build/ModuleCache.noindex/IOSurface-F3MC2ANQ2YQE2EA2LDJK8LI3K.pcm /Users/runner/work/dspet-ios/dspet-ios/app/build/ModuleCache.noindex/Darwin-VXBK7H84UCVZWJ67NZ33BKMG.pcm /Users/runner/work/dspet-ios/dspet-ios/app/build/ModuleCache.noindex/Spatial-41N6Q0ZV3D6CQGU5Z2UIX8LFP.pcm /Users/runner/work/dspet-ios/dspet-ios/app/build/ModuleCache.noindex/OpenGLES-E9MS1PXS0TLZJQK3LPCY18A7G.pcm /Users/runner/work/dspet-ios/dspet-ios/app/build/ModuleCache.noindex/AVFAudio-57XMM817UX9SE78RTUTQOMZTD.pcm /Users/runner/work/dspet-ios/dspet-ios/app/build/ModuleCache.noindex/dnssd-899FMUI0JLP9B4VPCPCXIYUNZ.pcm /Users/runner/work/dspet-ios/dspet-ios/app/build/ModuleCache.noindex/CoreMIDI-59NSMIZNJGP7WNS2TXQ7QQZ5Z.pcm /Users/runner/work/dspet-ios/dspet-ios/app/build/ModuleCache.noindex/Accessibility-DTLQH87EFWWUDFSFVOQCB8WC7.pcm /Users/runner/work/dspet-ios/dspet-ios/app/build/ModuleCache.noindex/_Builtin_stdint-EI912D2UI1WBR7LCFVPNN1ROS.pcm /Users/runner/work/dspet-ios/dspet-ios/app/build/ModuleCache.noindex/_Builtin_tgmath-13WQD65P1Z7QGRRALGQAOLG55.pcm /Users/runner/work/dspet-ios/dspet-ios/app/build/ModuleCache.noindex/FileProvider-3MHGTB3I2GYA3DTDHINV94AD2.pcm /Users/runner/work/dspet-ios/dspet-ios/app/build/ModuleCache.noindex/_Builtin_limits-AKWZXAQD0OB6AXOY7GQS1J822.pcm /Users/runner/work/dspet-ios/dspet-ios/app/build/ModuleCache.noindex/UniformTypeIdentifiers-8VH3MQI8BS8IMQZZHLGXA6CC1.pcm /Users/runner/work/dspet-ios/dspet-ios/app/build/ModuleCache.noindex/MediaToolbox-6HKMIDXYHINGOO2RKKL52BQPX.pcm /Users/runner/work/dspet-ios/dspet-ios/app/build/ModuleCache.noindex/ptrcheck-CPVSMIVREZ60L83TQQKJ9QEFF.pcm /Users/runner/work/dspet-ios/dspet-ios/app/build/Build/Intermediates.noindex/DSPet.build/Release-iphoneos/DSPet.build/Objects-normal/arm64/DSPet-dependencies-1.json (in target 'DSPet' from project 'DSPet')
2026-10-01T05:43:17.3044940Z 	CompileSwift normal arm64 (in target 'DSPet' from project 'DSPet')
2026-10-01T05:43:17.3045390Z 	Building project DSPet with scheme DSPet and configuration Release
2026-10-01T05:43:17.3045740Z (3 failures)
2026-10-01T05:43:17.3045830Z 
2026-10-01T05:43:17.3046290Z SwiftExplicitDependencyGeneratePcm arm64 /Users/runner/work/dspet-ios/dspet-ios/app/build/ModuleCache.noindex/QuartzCore-39AD9NSL4XI8IXQHL61FOSFJK.pcm
2026-10-01T05:43:17.3046770Z 
2026-10-01T05:43:17.3047520Z SwiftExplicitDependencyGeneratePcm arm64 /Users/runner/work/dspet-ios/dspet-ios/app/build/ModuleCache.noindex/MediaToolbox-6HKMIDXYHINGOO2RKKL52BQPX.pcm
2026-10-01T05:43:17.3048070Z 
2026-10-01T05:43:17.3048480Z SwiftExplicitDependencyGeneratePcm arm64 /Users/runner/work/dspet-ios/dspet-ios/app/build/ModuleCache.noindex/AVFAudio-57XMM817UX9SE78RTUTQOMZTD.pcm
2026-10-01T05:43:17.3049000Z 
2026-10-01T05:43:17.3049390Z SwiftExplicitDependencyGeneratePcm arm64 /Users/runner/work/dspet-ios/dspet-ios/app/build/ModuleCache.noindex/SwiftUICore-A59XWR9JZCNLI6HU0KKEFM6RN.pcm
2026-10-01T05:43:17.3049870Z 
2026-10-01T05:43:17.3050450Z SwiftExplicitDependencyGeneratePcm arm64 /Users/runner/work/dspet-ios/dspet-ios/app/build/ModuleCache.noindex/UIKit-CIXCQI4QSG1PSCG8XONJL2CWB.pcm
2026-10-01T05:43:17.3050900Z 
2026-10-01T05:43:17.3051300Z SwiftExplicitDependencyGeneratePcm arm64 /Users/runner/work/dspet-ios/dspet-ios/app/build/ModuleCache.noindex/AVFoundation-2IDJSHX85SNWIR6LDXYTKM4U4.pcm
2026-10-01T05:43:17.3051770Z 
2026-10-01T05:43:17.3052150Z SwiftExplicitDependencyGeneratePcm arm64 /Users/runner/work/dspet-ios/dspet-ios/app/build/ModuleCache.noindex/AVKit-2S1SRKMP9DDHHMZWFD0VE8T0E.pcm
2026-10-01T05:43:17.3052600Z 
2026-10-01T05:43:17.3052970Z SwiftExplicitDependencyGeneratePcm arm64 /Users/runner/work/dspet-ios/dspet-ios/app/build/ModuleCache.noindex/WebKit-CBAJ87LCRRECSU1NQ4WKC7LT9.pcm
2026-10-01T05:43:17.3053420Z 
2026-10-01T05:43:17.3053860Z SwiftExplicitDependencyGeneratePcm arm64 /Users/runner/work/dspet-ios/dspet-ios/app/build/ModuleCache.noindex/SwiftUI-4QCN584OK87ETG09EKBRH330Z.pcm
2026-10-01T05:43:17.3054320Z 
2026-10-01T05:43:17.3109390Z SwiftCompile normal arm64 Compiling\ ContentView.swift,\ DSPetApp.swift,\ LocalServer.swift,\ PiPManager.swift,\ GeneratedAssetSymbols.swift /Users/runner/work/dspet-ios/dspet-ios/app/Sources/ContentView.swift /Users/runner/work/dspet-ios/dspet-ios/app/Sources/DSPetApp.swift /Users/runner/work/dspet-ios/dspet-ios/app/Sources/LocalServer.swift /Users/runner/work/dspet-ios/dspet-ios/app/Sources/PiPManager.swift /Users/runner/work/dspet-ios/dspet-ios/app/build/Build/Intermediates.noindex/DSPet.build/Release-iphoneos/DSPet.build/DerivedSources/GeneratedAssetSymbols.swift /Applications/Xcode_26.6.app/Contents/Developer/Toolchains/XcodeDefault.xctoolchain/usr/lib/swift/iphoneos/prebuilt-modules/26.5/Dispatch.swiftmodule/arm64e-apple-ios.swiftmodule /Applications/Xcode_26.6.app/Contents/Developer/Toolchains/XcodeDefault.xctoolchain/usr/lib/swift/iphoneos/prebuilt-modules/26.5/CoreMIDI.swiftmodule/arm64e-apple-ios.swiftmodule /Applications/Xcode_26.6.app/Contents/Developer/Toolchains/XcodeDefault.xctoolchain/usr/lib/swift/iphoneos/prebuilt-modules/26.5/AVKit.swiftmodule/arm64e-apple-ios.swiftmodule /Applications/Xcode_26.6.app/Contents/Developer/Toolchains/XcodeDefault.xctoolchain/usr/lib/swift/iphoneos/prebuilt-modules/26.5/UIKit.swiftmodule/arm64e-apple-ios.swiftmodule /Applications/Xcode_26.6.app/Contents/Developer/Toolchains/XcodeDefault.xctoolchain/usr/lib/swift/iphoneos/prebuilt-modules/26.5/simd.swiftmodule/arm64e-apple-ios.swiftmodule /Applications/Xcode_26.6.app/Contents/Developer/Toolchains/XcodeDefault.xctoolchain/usr/lib/swift/iphoneos/prebuilt-modules/26.5/Foundation.swiftmodule/arm64e-apple-ios.swiftmodule /Applications/Xcode_26.6.app/Contents/Developer/Toolchains/XcodeDefault.xctoolchain/usr/lib/swift/iphoneos/prebuilt-modules/26.5/_Concurrency.swiftmodule/arm64e-apple-ios.swiftmodule /Applications/Xcode_26.6.app/Contents/Developer/Toolchains/XcodeDefault.xctoolchain/usr/lib/swift/iphoneos/prebuilt-modules/26.5/QuartzCore.swiftmodule/arm64e-apple-ios.swiftmodule /Applications/Xcode_26.6.app/Contents/Developer/Toolchains/XcodeDefault.xctoolchain/usr/lib/swift/iphoneos/prebuilt-modules/26.5/CoreData.swiftmodule/arm64e-apple-ios.swiftmodule /Applications/Xcode_26.6.app/Contents/Developer/Toolchains/XcodeDefault.xctoolchain/usr/lib/swift/iphoneos/prebuilt-modules/26.5/_DarwinFoundation3.swiftmodule/arm64e-apple-ios.swiftmodule /Applications/Xcode_26.6.app/Contents/Developer/Toolchains/XcodeDefault.xctoolchain/usr/lib/swift/iphoneos/prebuilt-modules/26.5/FileProvider.swiftmodule/arm64e-apple-ios.swiftmodule /Applications/Xcode_26.6.app/Contents/Developer/Toolchains/XcodeDefault.xctoolchain/usr/lib/swift/iphoneos/prebuilt-modules/26.5/CoreFoundation.swiftmodule/arm64e-apple-ios.swiftmodule /Applications/Xcode_26.6.app/Contents/Developer/Toolchains/XcodeDefault.xctoolchain/usr/lib/swift/iphoneos/prebuilt-modules/26.5/_StringProcessing.swiftmodule/arm64e-apple-ios.swiftmodule /Applications/Xcode_26.6.app/Contents/Developer/Toolchains/XcodeDefault.xctoolchain/usr/lib/swift/iphoneos/prebuilt-modules/26.5/OSLog.swiftmodule/arm64e-apple-ios.swiftmodule /Applications/Xcode_26.6.app/Contents/Developer/Toolchains/XcodeDefault.xctoolchain/usr/lib/swift/iphoneos/prebuilt-modules/26.5/Spatial.swiftmodule/arm64e-apple-ios.swiftmodule /Applications/Xcode_26.6.app/Contents/Developer/Toolchains/XcodeDefault.xctoolchain/usr/lib/swift/iphoneos/prebuilt-modules/26.5/WebKit.swiftmodule/arm64e-apple-ios.swiftmodule /Applications/Xcode_26.6.app/Contents/Developer/Toolchains/XcodeDefault.xctoolchain/usr/lib/swift/iphoneos/prebuilt-modules/26.5/Network.swiftmodule/arm64e-apple-ios.swiftmodule /Applications/Xcode_26.6.app/Contents/Developer/Toolchains/XcodeDefault.xctoolchain/usr/lib/swift/iphoneos/prebuilt-modules/26.5/DeveloperToolsSupport.swiftmodule/arm64e-apple-ios.swiftmodule /Applications/Xcode_26.6.app/Contents/Developer/Toolchains/XcodeDefault.xctoolchain/usr/lib/swift/iphoneos/prebuilt-modules/26.5/_DarwinFoundation2.swiftmodule/arm64e-apple-ios.swiftmodule /Applications/Xcode_26.6.app/Contents/Developer/Toolchains/XcodeDefault.xctoolchain/usr/lib/swift/iphoneos/prebuilt-modules/26.5/UniformTypeIdentifiers.swiftmodule/arm64e-apple-ios.swiftmodule /Applications/Xcode_26.6.app/Contents/Developer/Toolchains/XcodeDefault.xctoolchain/usr/lib/swift/iphoneos/prebuilt-modules/26.5/CoreGraphics.swiftmodule/arm64e-apple-ios.swiftmodule /Applications/Xcode_26.6.app/Contents/Developer/Toolchains/XcodeDefault.xctoolchain/usr/lib/swift/iphoneos/prebuilt-modules/26.5/Combine.swiftmodule/arm64e-apple-ios.swiftmodule /Applications/Xcode_26.6.app/Contents/Developer/Toolchains/XcodeDefault.xctoolchain/usr/lib/swift/iphoneos/prebuilt-modules/26.5/Observation.swiftmodule/arm64e-apple-ios.swiftmodule /Applications/Xcode_26.6.app/Contents/Developer/Toolchains/XcodeDefault.xctoolchain/usr/lib/swift/iphoneos/prebuilt-modules/26.5/DataDetection.swiftmodule/arm64e-apple-ios.swiftmodule /Applications/Xcode_26.6.app/Contents/Developer/Toolchains/XcodeDefault.xctoolchain/usr/lib/swift/iphoneos/prebuilt-modules/26.5/CoreTransferable.swiftmodule/arm64e-apple-ios.swiftmodule /Applications/Xcode_26.6.app/Contents/Developer/Toolchains/XcodeDefault.xctoolchain/usr/lib/swift/iphoneos/prebuilt-modules/26.5/os.swiftmodule/arm64e-apple-ios.swiftmodule /Applications/Xcode_26.6.app/Contents/Developer/Toolchains/XcodeDefault.xctoolchain/usr/lib/swift/iphoneos/prebuilt-modules/26.5/CoreAudio.swiftmodule/arm64e-apple-ios.swiftmodule /Applications/Xcode_26.6.app/Contents/Developer/Toolchains/XcodeDefault.xctoolchain/usr/lib/swift/iphoneos/prebuilt-modules/26.5/Symbols.swiftmodule/arm64e-apple-ios.swiftmodule /Applications/Xcode_26.6.app/Contents/Developer/Toolchains/XcodeDefault.xctoolchain/usr/lib/swift/iphoneos/prebuilt-modules/26.5/System.swiftmodule/arm64e-apple-ios.swiftmodule /Applications/Xcode_26.6.app/Contents/Developer/Toolchains/XcodeDefault.xctoolchain/usr/lib/swift/iphoneos/prebuilt-modules/26.5/Swift.swiftmodule/arm64e-apple-ios.swiftmodule /Applications/Xcode_26.6.app/Contents/Developer/Toolchains/XcodeDefault.xctoolchain/usr/lib/swift/iphoneos/prebuilt-modules/26.5/Accessibility.swiftmodule/arm64e-apple-ios.swiftmodule /Applications/Xcode_26.6.app/Contents/Developer/Toolchains/XcodeDefault.xctoolchain/usr/lib/swift/iphoneos/prebuilt-modules/26.5/TipKit.swiftmodule/arm64e-apple-ios.swiftmodule /Applications/Xcode_26.6.app/Contents/Developer/Toolchains/XcodeDefault.xctoolchain/usr/lib/swift/iphoneos/prebuilt-modules/26.5/Metal.swiftmodule/arm64e-apple-ios.swiftmodule /Applications/Xcode_26.6.app/Contents/Developer/Toolchains/XcodeDefault.xctoolchain/usr/lib/swift/iphoneos/prebuilt-modules/26.5/_WebKit_SwiftUI.swiftmodule/arm64e-apple-ios.swiftmodule /Applications/Xcode_26.6.app/Contents/Developer/Toolchains/XcodeDefault.xctoolchain/usr/lib/swift/iphoneos/prebuilt-modules/26.5/_Builtin_float.swiftmodule/arm64e-apple-ios.swiftmodule /Applications/Xcode_26.6.app/Contents/Developer/Toolchains/XcodeDefault.xctoolchain/usr/lib/swift/iphoneos/prebuilt-modules/26.5/Distributed.swiftmodule/arm64e-apple-ios.swiftmodule /Applications/Xcode_26.6.app/Contents/Developer/Toolchains/XcodeDefault.xctoolchain/usr/lib/swift/iphoneos/prebuilt-modules/26.5/Synchronization.swiftmodule/arm64e-apple-ios.swiftmodule /Applications/Xcode_26.6.app/Contents/Developer/Toolchains/XcodeDefault.xctoolchain/usr/lib/swift/iphoneos/prebuilt-modules/26.5/CoreMedia.swiftmodule/arm64e-apple-ios.swiftmodule /Applications/Xcode_26.6.app/Contents/Developer/Toolchains/XcodeDefault.xctoolchain/usr/lib/swift/iphoneos/prebuilt-modules/26.5/CoreVideo.swiftmodule/arm64e-apple-ios.swiftmodule /Applications/Xcode_26.6.app/Contents/Developer/Toolchains/XcodeDefault.xctoolchain/usr/lib/swift/iphoneos/prebuilt-modules/26.5/ObjectiveC.swiftmodule/arm64e-apple-ios.swiftmodule /Applications/Xcode_26.6.app/Contents/Developer/Toolchains/XcodeDefault.xctoolchain/usr/lib/swift/iphoneos/prebuilt-modules/26.5/MediaAccessibility.swiftmodule/arm64e-apple-ios.swiftmodule /Applications/Xcode_26.6.app/Contents/Developer/Toolchains/XcodeDefault.xctoolchain/usr/lib/swift/iphoneos/prebuilt-modules/26.5/AVFoundation.swiftmodule/arm64e-apple-ios.swiftmodule /Applications/Xcode_26.6.app/Contents/Developer/Toolchains/XcodeDefault.xctoolchain/usr/lib/swift/iphoneos/prebuilt-modules/26.5/AudioToolbox.swiftmodule/arm64e-apple-ios.swiftmodule /Applications/Xcode_26.6.app/Contents/Developer/Toolchains/XcodeDefault.xctoolchain/usr/lib/swift/iphoneos/prebuilt-modules/26.5/AVFAudio.swiftmodule/arm64e-apple-ios.swiftmodule /Applications/Xcode_26.6.app/Contents/Developer/Toolchains/XcodeDefault.xctoolchain/usr/lib/swift/iphoneos/prebuilt-modules/26.5/_DarwinFoundation1.swiftmodule/arm64e-apple-ios.swiftmodule /Applications/Xcode_26.6.app/Contents/Developer/Toolchains/XcodeDefault.xctoolchain/usr/lib/swift/iphoneos/prebuilt-modules/26.5/SwiftUI.swiftmodule/arm64e-apple-ios.swiftmodule /Applications/Xcode_26.6.app/Contents/Developer/Toolchains/XcodeDefault.xctoolchain/usr/lib/swift/iphoneos/prebuilt-modules/26.5/SwiftUICore.swiftmodule/arm64e-apple-ios.swiftmodule /Applications/Xcode_26.6.app/Contents/Developer/Toolchains/XcodeDefault.xctoolchain/usr/lib/swift/iphoneos/prebuilt-modules/26.5/XPC.swiftmodule/arm64e-apple-ios.swiftmodule /Applications/Xcode_26.6.app/Contents/Developer/Toolchains/XcodeDefault.xctoolchain/usr/lib/swift/iphoneos/prebuilt-modules/26.5/CoreImage.swiftmodule/arm64e-apple-ios.swiftmodule /Applications/Xcode_26.6.app/Contents/Developer/Toolchains/XcodeDefault.xctoolchain/usr/lib/swift/iphoneos/prebuilt-modules/26.5/Darwin.swiftmodule/arm64e-apple-ios.swiftmodule /Applications/Xcode_26.6.app/Contents/Developer/Toolchains/XcodeDefault.xctoolchain/usr/lib/swift/iphoneos/prebuilt-modules/26.5/CoreText.swiftmodule/arm64e-apple-ios.swiftmodule /Users/runner/work/dspet-ios/dspet-ios/app/build/ModuleCache.noindex/SwiftShims-58HP0HUWBZQUTGXEADRIIPLR3.pcm /Users/runner/work/dspet-ios/dspet-ios/app/build/ModuleCache.noindex/os-AQVNLJIO33TZROPYPEBQKEITE.pcm /Users/runner/work/dspet-ios/dspet-ios/app/build/ModuleCache.noindex/_Builtin_stdarg-57998EMU5G24OW0BC3W5K616N.pcm /Users/runner/work/dspet-ios/dspet-ios/app/build/ModuleCache.noindex/Dispatch-7MSW8PVIZUY9J0ZEGVKOJZHI0.pcm /Users/runner/work/dspet-ios/dspet-ios/app/build/ModuleCache.noindex/Security-75F73CV5HQE6O8RWSFVCYL9GO.pcm /Users/runner/work/dspet-ios/dspet-ios/app/build/ModuleCache.noindex/UserNotifications-DTGX7XVRSIGRS767UCXE48RLH.pcm /Users/runner/work/dspet-ios/dspet-ios/app/build/ModuleCache.noindex/_Builtin_stddef-6G8BAT0ENZOT5CTN8DY2AEDHL.pcm /Users/runner/work/dspet-ios/dspet-ios/app/build/ModuleCache.noindex/_SwiftConcurrencyShims-DFJXKLJQ2V66IUWQ2MC0ZBV2W.pcm /Users/runner/work/dspet-ios/dspet-ios/app/build/ModuleCache.noindex/SwiftUICore-A59XWR9JZCNLI6HU0KKEFM6RN.pcm /Users/runner/work/dspet-ios/dspet-ios/app/build/ModuleCache.noindex/sys_types-1EQOWJC777BSH8CEKQ823BHF0.pcm /Users/runner/work/dspet-ios/dspet-ios/app/build/ModuleCache.noindex/Network-9RLLM4DYGL6FF13T3VBJBOH0V.pcm /Users/runner/work/dspet-ios/dspet-ios/app/build/ModuleCache.noindex/CoreTransferable-URB2VM3WRYOPCC33COHAY0RT.pcm /Users/runner/work/dspet-ios/dspet-ios/app/build/ModuleCache.noindex/CoreGraphics-9388UYCEBREYYIO7E3D8P6ZDE.pcm /Users/runner/work/dspet-ios/dspet-ios/app/build/ModuleCache.noindex/_DarwinFoundation2-69V8PDWKI6EOP0W8NROQXDROO.pcm /Users/runner/work/dspet-ios/dspet-ios/app/build/ModuleCache.noindex/_Builtin_inttypes-E58RIR7L0HD9R17ROEAE6UMPJ.pcm /Users/runner/work/dspet-ios/dspet-ios/app/build/ModuleCache.noindex/CoreMedia-8FLLDUA8B7KQYC90EVCPW3BDJ.pcm /Users/runner/work/dspet-ios/dspet-ios/app/build/ModuleCache.noindex/SwiftUI-4QCN584OK87ETG09EKBRH330Z.pcm /Users/runner/work/dspet-ios/dspet-ios/app/build/ModuleCache.noindex/os_workgroup-CZFM5PI9GI5MV9K9RS82D5BWO.pcm /Users/runner/work/dspet-ios/dspet-ios/app/build/ModuleCache.noindex/_Builtin_float-2CRDPVNVQZZQ8LRZYGL6I24O3.pcm /Users/runner/work/dspet-ios/dspet-ios/app/build/ModuleCache.noindex/ImageIO-83BS22ZZHKLBVETSSGJWSE530.pcm /Users/runner/work/dspet-ios/dspet-ios/app/build/ModuleCache.noindex/WebKit-CBAJ87LCRRECSU1NQ4WKC7LT9.pcm /Users/runner/work/dspet-ios/dspet-ios/app/build/ModuleCache.noindex/QuartzCore-39AD9NSL4XI8IXQHL61FOSFJK.pcm /Users/runner/work/dspet-ios/dspet-ios/app/build/ModuleCache.noindex/OSLog-9CEHWN2YWT465PEORCDYB8PM.pcm /Users/runner/work/dspet-ios/dspet-ios/app/build/ModuleCache.noindex/AVFoundation-2IDJSHX85SNWIR6LDXYTKM4U4.pcm /Users/runner/work/dspet-ios/dspet-ios/app/build/ModuleCache.noindex/_Builtin_stdatomic-8RGEK9ZVUCL6B3AFRRWCJDAZE.pcm /Users/runner/work/dspet-ios/dspet-ios/app/build/ModuleCache.noindex/os_object-ECIMKUAJUYJR9LU85IGMFAVWT.pcm /Users/runner/work/dspet-ios/dspet-ios/app/build/ModuleCache.noindex/CFNetwork-47GUHKWP9D06GYESXWPYPKHOK.pcm /Users/runner/work/dspet-ios/dspet-ios/app/build/ModuleCache.noindex/ObjectiveC-CVL90IN5GR4ZXZ5VT9MNKGDUQ.pcm /Users/runner/work/dspet-ios/dspet-ios/app/build/ModuleCache.noindex/_AvailabilityInternal-ECJ5DK8Z724VG6Y7VHUD7EJA6.pcm /Users/runner/work/dspet-ios/dspet-ios/app/build/ModuleCache.noindex/CoreImage-Q8NRDFF8LH9L19K3RTU88CTC.pcm /Users/runner/work/dspet-ios/dspet-ios/app/build/ModuleCache.noindex/ptrauth-F1CK3V5DRFSI50U6P05VPUE79.pcm /Users/runner/work/dspet-ios/dspet-ios/app/build/ModuleCache.noindex/AVRouting-654PH3HTANCQP7LWERXNWCZJ2.pcm /Users/runner/work/dspet-ios/dspet-ios/app/build/ModuleCache.noindex/_Builtin_stdbool-11T8XUQYM1QZY5UX16YCQXXCF.pcm /Users/runner/work/dspet-ios/dspet-ios/app/build/ModuleCache.noindex/CoreFoundation-AHNIN94P5XF76UIZXUL3IC4HO.pcm /Users/runner/work/dspet-ios/dspet-ios/app/build/ModuleCache.noindex/AudioToolbox-5VAGUR88I39BKD55OY6RBAJDN.pcm /Users/runner/work/dspet-ios/dspet-ios/app/build/ModuleCache.noindex/CoreText-BLQXZCIWQRSL7MROK9IV7L3V5.pcm /Users/runner/work/dspet-ios/dspet-ios/app/build/ModuleCache.noindex/Symbols-FW7OQ2AGCT3YRR96F2VJ5X18.pcm /Users/runner/work/dspet-ios/dspet-ios/app/build/ModuleCache.noindex/MachO-CYBEZJ64561RTPZ0J61SOSMDB.pcm /Users/runner/work/dspet-ios/dspet-ios/app/build/ModuleCache.noindex/simd-CU0GX3FXOHE6QNOIN5U87TYQT.pcm /Users/runner/work/dspet-ios/dspet-ios/app/build/ModuleCache.noindex/Metal-41RZ32HI4KA0V22NM8IQ5CMX9.pcm /Users/runner/work/dspet-ios/dspet-ios/app/build/ModuleCache.noindex/UIKit-CIXCQI4QSG1PSCG8XONJL2CWB.pcm /Users/runner/work/dspet-ios/dspet-ios/app/build/ModuleCache.noindex/_DarwinFoundation1-7F4B8VZCDJ10M9FLGISZ0DQGG.pcm /Users/runner/work/dspet-ios/dspet-ios/app/build/ModuleCache.noindex/_Builtin_intrinsics-428Y71KR6FI4AWV4V22W11B5D.pcm /Users/runner/work/dspet-ios/dspet-ios/app/build/ModuleCache.noindex/CoreAudio-73UMI3TD9ZS4OT4FQP0LA2ATI.pcm /Users/runner/work/dspet-ios/dspet-ios/app/build/ModuleCache.noindex/Foundation-5RC7ZGTRQUGOTROY9TZJK75YE.pcm /Users/runner/work/dspet-ios/dspet-ios/app/build/ModuleCache.noindex/DeveloperToolsSupport-4A3DIA75M1XF3DN0N7481VFMU.pcm /Users/runner/work/dspet-ios/dspet-ios/app/build/ModuleCache.noindex/XPC-77C5A6V7N2RIE8AV4UR340AMM.pcm /Users/runner/work/dspet-ios/dspet-ios/app/build/ModuleCache.noindex/CoreVideo-85F1Q9H0QSHUL67AM5M1ILCYH.pcm /Users/runner/work/dspet-ios/dspet-ios/app/build/ModuleCache.noindex/AVKit-2S1SRKMP9DDHHMZWFD0VE8T0E.pcm /Users/runner/work/dspet-ios/dspet-ios/app/build/ModuleCache.noindex/DataDetection-13BETCXU09I5NISI9C7OQGAP5.pcm /Users/runner/work/dspet-ios/dspet-ios/app/build/ModuleCache.noindex/CoreData-F2GXLU21OG88VZ1CB3MUAC879.pcm /Users/runner/work/dspet-ios/dspet-ios/app/build/ModuleCache.noindex/_DarwinFoundation3-36O6FMFLSB1YFLAPYM3QAO4ER.pcm /Users/runner/work/dspet-ios/dspet-ios/app/build/ModuleCache.noindex/UIUtilities-9OQCDKYP8SA4AMP5K992KEOC.pcm /Users/runner/work/dspet-ios/dspet-ios/app/build/ModuleCache.noindex/MediaAccessibility-7JCH969EOI3M0YJ5ANCT3W82L.pcm /Users/runner/work/dspet-ios/dspet-ios/app/build/ModuleCache.noindex/CoreAudioTypes-714ULCH7Z2L84MYB74FNRBK3H.pcm /Users/runner/work/dspet-ios/dspet-ios/app/build/ModuleCache.noindex/IOSurface-F3MC2ANQ2YQE2EA2LDJK8LI3K.pcm /Users/runner/work/dspet-ios/dspet-ios/app/build/ModuleCache.noindex/Darwin-VXBK7H84UCVZWJ67NZ33BKMG.pcm /Users/runner/work/dspet-ios/dspet-ios/app/build/ModuleCache.noindex/Spatial-41N6Q0ZV3D6CQGU5Z2UIX8LFP.pcm /Users/runner/work/dspet-ios/dspet-ios/app/build/ModuleCache.noindex/OpenGLES-E9MS1PXS0TLZJQK3LPCY18A7G.pcm /Users/runner/work/dspet-ios/dspet-ios/app/build/ModuleCache.noindex/AVFAudio-57XMM817UX9SE78RTUTQOMZTD.pcm /Users/runner/work/dspet-ios/dspet-ios/app/build/ModuleCache.noindex/dnssd-899FMUI0JLP9B4VPCPCXIYUNZ.pcm /Users/runner/work/dspet-ios/dspet-ios/app/build/ModuleCache.noindex/CoreMIDI-59NSMIZNJGP7WNS2TXQ7QQZ5Z.pcm /Users/runner/work/dspet-ios/dspet-ios/app/build/ModuleCache.noindex/Accessibility-DTLQH87EFWWUDFSFVOQCB8WC7.pcm /Users/runner/work/dspet-ios/dspet-ios/app/build/ModuleCache.noindex/_Builtin_stdint-EI912D2UI1WBR7LCFVPNN1ROS.pcm /Users/runner/work/dspet-ios/dspet-ios/app/build/ModuleCache.noindex/_Builtin_tgmath-13WQD65P1Z7QGRRALGQAOLG55.pcm /Users/runner/work/dspet-ios/dspet-ios/app/build/ModuleCache.noindex/FileProvider-3MHGTB3I2GYA3DTDHINV94AD2.pcm /Users/runner/work/dspet-ios/dspet-ios/app/build/ModuleCache.noindex/_Builtin_limits-AKWZXAQD0OB6AXOY7GQS1J822.pcm /Users/runner/work/dspet-ios/dspet-ios/app/build/ModuleCache.noindex/UniformTypeIdentifiers-8VH3MQI8BS8IMQZZHLGXA6CC1.pcm /Users/runner/work/dspet-ios/dspet-ios/app/build/ModuleCache.noindex/MediaToolbox-6HKMIDXYHINGOO2RKKL52BQPX.pcm /Users/runner/work/dspet-ios/dspet-ios/app/build/ModuleCache.noindex/ptrcheck-CPVSMIVREZ60L83TQQKJ9QEFF.pcm /Users/runner/work/dspet-ios/dspet-ios/app/build/Build/Intermediates.noindex/DSPet.build/Release-iphoneos/DSPet.build/Objects-normal/arm64/DSPet-dependencies-1.json (in target 'DSPet' from project 'DSPet')
2026-10-01T05:43:17.3164740Z Failed frontend command:
2026-10-01T05:43:17.3196030Z /Applications/Xcode_26.6.app/Contents/Developer/Toolchains/XcodeDefault.xctoolchain/usr/bin/swift-frontend -frontend -c /Users/runner/work/dspet-ios/dspet-ios/app/Sources/ContentView.swift /Users/runner/work/dspet-ios/dspet-ios/app/Sources/DSPetApp.swift /Users/runner/work/dspet-ios/dspet-ios/app/Sources/LocalServer.swift /Users/runner/work/dspet-ios/dspet-ios/app/Sources/PiPManager.swift /Users/runner/work/dspet-ios/dspet-ios/app/build/Build/Intermediates.noindex/DSPet.build/Release-iphoneos/DSPet.build/DerivedSources/GeneratedAssetSymbols.swift -supplementary-output-file-map /Users/runner/work/dspet-ios/dspet-ios/app/build/Build/Intermediates.noindex/DSPet.build/Release-iphoneos/DSPet.build/Objects-normal/arm64/supplementaryOutputs-1 -target arm64-apple-ios16.0 -module-can-import-version DeveloperToolsSupport 23.40.26 23.40.26 -module-can-import-version SwiftUI 7.5.3 7.5.3 -module-can-import-version UIKit 9126.5.5.2 9126.5.5 -disable-cross-import-overlay-search -swift-module-cross-import AVKit /Applications/Xcode_26.6.app/Contents/Developer/Platforms/iPhoneOS.platform/Developer/SDKs/iPhoneOS.sdk/System/Library/Frameworks/AVKit.framework/Modules/AVKit.swiftcrossimport/SwiftUI.swiftoverlay -swift-module-cross-import AVKit /Applications/Xcode_26.6.app/Contents/Developer/Platforms/iPhoneOS.platform/Developer/SDKs/iPhoneOS26.5.sdk/System/Library/Frameworks/AVKit.framework/Modules/AVKit.swiftcrossimport/SwiftUI.swiftoverlay -swift-module-cross-import WebKit /Applications/Xcode_26.6.app/Contents/Developer/Platforms/iPhoneOS.platform/Developer/SDKs/iPhoneOS.sdk/System/Cryptexes/OS/System/Library/Frameworks/WebKit.framework/Modules/WebKit.swiftcrossimport/SwiftUI.swiftoverlay -swift-module-cross-import WebKit /Applications/Xcode_26.6.app/Contents/Developer/Platforms/iPhoneOS.platform/Developer/SDKs/iPhoneOS26.5.sdk/System/Library/Frameworks/WebKit.framework/Modules/WebKit.swiftcrossimport/SwiftUI.swiftoverlay -load-resolved-plugin /Applications/Xcode_26.6.app/Contents/Developer/Platforms/iPhoneOS.platform/Developer/usr/lib/swift/host/plugins/libFoundationMacros.dylib\#/Applications/Xcode_26.6.app/Contents/Developer/Platforms/iPhoneOS.platform/Developer/usr/bin/swift-plugin-server\#FoundationMacros -load-resolved-plugin /Applications/Xcode_26.6.app/Contents/Developer/Platforms/iPhoneOS.platform/Developer/usr/lib/swift/host/plugins/libObservationMacros.dylib\#/Applications/Xcode_26.6.app/Contents/Developer/Platforms/iPhoneOS.platform/Developer/usr/bin/swift-plugin-server\#ObservationMacros -load-resolved-plugin /Applications/Xcode_26.6.app/Contents/Developer/Platforms/iPhoneOS.platform/Developer/usr/lib/swift/host/plugins/libPreviewsMacros.dylib\#/Applications/Xcode_26.6.app/Contents/Developer/Platforms/iPhoneOS.platform/Developer/usr/bin/swift-plugin-server\#PreviewsMacros -load-resolved-plugin /Applications/Xcode_26.6.app/Contents/Developer/Platforms/iPhoneOS.platform/Developer/usr/lib/swift/host/plugins/libSwiftMacros.dylib\#/Applications/Xcode_26.6.app/Contents/Developer/Platforms/iPhoneOS.platform/Developer/usr/bin/swift-plugin-server\#SwiftMacros -load-resolved-plugin /Applications/Xcode_26.6.app/Contents/Developer/Platforms/iPhoneOS.platform/Developer/usr/lib/swift/host/plugins/libSwiftUIMacros.dylib\#/Applications/Xcode_26.6.app/Contents/Developer/Platforms/iPhoneOS.platform/Developer/usr/bin/swift-plugin-server\#SwiftUIMacros -load-resolved-plugin /Applications/Xcode_26.6.app/Contents/Developer/Platforms/iPhoneOS.platform/Developer/usr/lib/swift/host/plugins/libTipKitMacros.dylib\#/Applications/Xcode_26.6.app/Contents/Developer/Platforms/iPhoneOS.platform/Developer/usr/bin/swift-plugin-server\#TipKitMacros -disable-implicit-swift-modules -Xcc -fno-implicit-modules -Xcc -fno-implicit-module-maps -explicit-swift-module-map-file /Users/runner/work/dspet-ios/dspet-ios/app/build/Build/Intermediates.noindex/DSPet.build/Release-iphoneos/DSPet.build/Objects-normal/arm64/DSPet-dependencies-1.json -debug-module-path /Users/runner/work/dspet-ios/dspet-ios/app/build/Build/Intermediates.noindex/DSPet.build/Release-iphoneos/DSPet.build/Objects-normal/arm64/DSPet.swiftmodule -Xllvm -aarch64-use-tbi -enable-objc-interop -stack-check -sdk /Applications/Xcode_26.6.app/Contents/Developer/Platforms/iPhoneOS.platform/Developer/SDKs/iPhoneOS26.5.sdk -I /Users/runner/work/dspet-ios/dspet-ios/app/build/Build/Products/Release-iphoneos -F /Users/runner/work/dspet-ios/dspet-ios/app/build/Build/Products/Release-iphoneos -no-color-diagnostics -Xcc -fno-color-diagnostics -g -debug-info-format\=dwarf -dwarf-version\=4 -module-cache-path /Users/runner/work/dspet-ios/dspet-ios/app/build/Build/Intermediates.noindex/SwiftExplicitPrecompiledModules -swift-version 5 -O -serialize-debugging-options -const-gather-protocols-file /Users/runner/work/dspet-ios/dspet-ios/app/build/Build/Intermediates.noindex/DSPet.build/Release-iphoneos/DSPet.build/Objects-normal/arm64/DSPet_const_extract_protocols.json -enable-experimental-feature DebugDescriptionMacro -enable-bare-slash-regex -empty-abi-descriptor -validate-clang-modules-once -clang-build-session-file /Users/runner/work/dspet-ios/dspet-ios/app/build/ModuleCache.noindex/Session.modulevalidation -Xcc -working-directory -Xcc /Users/runner/work/dspet-ios/dspet-ios/app -file-compilation-dir /Users/runner/work/dspet-ios/dspet-ios/app -Xcc -ivfsstatcache -Xcc /Users/runner/work/dspet-ios/dspet-ios/app/build/SDKStatCaches.noindex/iphoneos26.5-23F81a-688ef53f1462e2c8f657fdc38a81448fee66e23052a0157c865c76b268046726.sdkstatcache -Xcc -I/Users/runner/work/dspet-ios/dspet-ios/app/build/Build/Intermediates.noindex/DSPet.build/Release-iphoneos/DSPet.build/swift-overrides.hmap -Xcc -iquote -Xcc /Users/runner/work/dspet-ios/dspet-ios/app/build/Build/Intermediates.noindex/DSPet.build/Release-iphoneos/DSPet.build/DSPet-generated-files.hmap -Xcc -I/Users/runner/work/dspet-ios/dspet-ios/app/build/Build/Intermediates.noindex/DSPet.build/Release-iphoneos/DSPet.build/DSPet-own-target-headers.hmap -Xcc -I/Users/runner/work/dspet-ios/dspet-ios/app/build/Build/Intermediates.noindex/DSPet.build/Release-iphoneos/DSPet.build/DSPet-all-target-headers.hmap -Xcc -iquote -Xcc /Users/runner/work/dspet-ios/dspet-ios/app/build/Build/Intermediates.noindex/DSPet.build/Release-iphoneos/DSPet.build/DSPet-project-headers.hmap -Xcc -I/Users/runner/work/dspet-ios/dspet-ios/app/build/Build/Products/Release-iphoneos/include -Xcc -I/Users/runner/work/dspet-ios/dspet-ios/app/build/Build/Intermediates.noindex/DSPet.build/Release-iphoneos/DSPet.build/DerivedSources-normal/arm64 -Xcc -I/Users/runner/work/dspet-ios/dspet-ios/app/build/Build/Intermediates.noindex/DSPet.build/Release-iphoneos/DSPet.build/DerivedSources/arm64 -Xcc -I/Users/runner/work/dspet-ios/dspet-ios/app/build/Build/Intermediates.noindex/DSPet.build/Release-iphoneos/DSPet.build/DerivedSources -no-auto-bridging-header-chaining -module-name DSPet -frontend-parseable-output -disable-clang-spi -clang-target arm64-apple-ios26.5 -target-sdk-version 26.5 -target-sdk-name iphoneos26.5 -in-process-plugin-server-path /Applications/Xcode_26.6.app/Contents/Developer/Toolchains/XcodeDefault.xctoolchain/usr/lib/swift/host/libSwiftInProcPluginServer.dylib -enable-default-cmo -num-threads 3 -o /Users/runner/work/dspet-ios/dspet-ios/app/build/Build/Intermediates.noindex/DSPet.build/Release-iphoneos/DSPet.build/Objects-normal/arm64/ContentView.o -o /Users/runner/work/dspet-ios/dspet-ios/app/build/Build/Intermediates.noindex/DSPet.build/Release-iphoneos/DSPet.build/Objects-normal/arm64/DSPetApp.o -o /Users/runner/work/dspet-ios/dspet-ios/app/build/Build/Intermediates.noindex/DSPet.build/Release-iphoneos/DSPet.build/Objects-normal/arm64/LocalServer.o -o /Users/runner/work/dspet-ios/dspet-ios/app/build/Build/Intermediates.noindex/DSPet.build/Release-iphoneos/DSPet.build/Objects-normal/arm64/PiPManager.o -o /Users/runner/work/dspet-ios/dspet-ios/app/build/Build/Intermediates.noindex/DSPet.build/Release-iphoneos/DSPet.build/Objects-normal/arm64/GeneratedAssetSymbols.o -index-unit-output-path /DSPet.build/Release-iphoneos/DSPet.build/Objects-normal/arm64/ContentView.o -index-unit-output-path /DSPet.build/Release-iphoneos/DSPet.build/Objects-normal/arm64/DSPetApp.o -index-unit-output-path /DSPet.build/Release-iphoneos/DSPet.build/Objects-normal/arm64/LocalServer.o -index-unit-output-path /DSPet.build/Release-iphoneos/DSPet.build/Objects-normal/arm64/PiPManager.o -index-unit-output-path /DSPet.build/Release-iphoneos/DSPet.build/Objects-normal/arm64/GeneratedAssetSymbols.o
2026-10-01T05:43:17.3250340Z 
2026-10-01T05:43:17.3250560Z CompileSwift normal arm64 (in target 'DSPet' from project 'DSPet')
2026-10-01T05:43:17.3250960Z     cd /Users/runner/work/dspet-ios/dspet-ios/app
2026-10-01T05:43:17.3251260Z     
2026-10-01T05:43:17.3251680Z /Users/runner/work/dspet-ios/dspet-ios/app/Sources/PiPManager.swift:57:15: error: 'autoresizingMask' is unavailable in iOS
2026-10-01T05:43:17.3252430Z         layer.autoresizingMask = [.layerWidthSizable, .layerHeightSizable]
2026-10-01T05:43:17.3252760Z               ^~~~~~~~~~~~~~~~
2026-10-01T05:43:17.3261170Z /Applications/Xcode_26.6.app/Contents/Developer/Platforms/iPhoneOS.platform/Developer/SDKs/iPhoneOS26.5.sdk/System/Library/Frameworks/QuartzCore.framework/Headers/CALayer.h:732:30: note: 'autoresizingMask' has been explicitly marked unavailable here
2026-10-01T05:43:17.3262340Z @property CAAutoresizingMask autoresizingMask
2026-10-01T05:43:17.3262590Z                              ^
2026-10-01T05:43:17.3262710Z 
2026-10-01T05:43:17.3274710Z ##[error]Process completed with exit code 65.
2026-10-01T05:43:17.3457010Z Post job cleanup.
2026-10-01T05:43:17.6261480Z [command]/opt/homebrew/bin/git version
2026-10-01T05:43:17.6787470Z git version 2.55.0
2026-10-01T05:43:17.6806200Z Copying '/Users/runner/.gitconfig' to '/Users/runner/work/_temp/01b967c4-bb77-490a-873d-10e7b16e0284/.gitconfig'
2026-10-01T05:43:17.6816160Z Temporarily overriding HOME='/Users/runner/work/_temp/01b967c4-bb77-490a-873d-10e7b16e0284' before making global git config changes
2026-10-01T05:43:17.6816990Z Adding repository directory to the temporary git global config as a safe directory
2026-10-01T05:43:17.6818900Z [command]/opt/homebrew/bin/git config --global --add safe.directory /Users/runner/work/dspet-ios/dspet-ios
2026-10-01T05:43:17.6930390Z [command]/opt/homebrew/bin/git config --local --name-only --get-regexp core\.sshCommand
2026-10-01T05:43:17.6994960Z [command]/opt/homebrew/bin/git submodule foreach --recursive sh -c "git config --local --name-only --get-regexp 'core\.sshCommand' && git config --local --unset-all 'core.sshCommand' || :"
2026-10-01T05:43:17.7871760Z [command]/opt/homebrew/bin/git config --local --name-only --get-regexp http\.https\:\/\/github\.com\/\.extraheader
2026-10-01T05:43:17.7945590Z http.https://github.com/.extraheader
2026-10-01T05:43:17.7950530Z [command]/opt/homebrew/bin/git config --local --unset-all http.https://github.com/.extraheader
2026-10-01T05:43:17.8013400Z [command]/opt/homebrew/bin/git submodule foreach --recursive sh -c "git config --local --name-only --get-regexp 'http\.https\:\/\/github\.com\/\.extraheader' && git config --local --unset-all 'http.https://github.com/.extraheader' || :"
2026-10-01T05:43:17.8877300Z [command]/opt/homebrew/bin/git config --local --name-only --get-regexp ^includeIf\.gitdir:
2026-10-01T05:43:17.8948470Z [command]/opt/homebrew/bin/git submodule foreach --recursive git config --local --show-origin --name-only --get-regexp remote.origin.url
2026-10-01T05:43:17.9946840Z Cleaning up orphan processes
2026-10-01T05:43:18.0307500Z Terminate orphan process: pid (8429) (ibtoold)
2026-10-01T05:43:18.5375760Z ##[warning]Node.js 20 is deprecated. The following actions target Node.js 20 but are being forced to run on Node.js 24: actions/checkout@v4. For more information see: https://github.blog/changelog/2025-09-19-deprecation-of-node-20-on-github-actions-runners/
